user_id,watch_time_hours,avg_session_mins,num_sessions,top_genres,genre_diversity,weekend_watch_ratio,days_since_last_active
USR-0001,7.55,26.9,29,"Comedy, Romance",1,0.45,0
USR-0002,40.22,111.4,17,Drama,2,0.79,6
USR-0003,85.71,95.9,35,"Action, Thriller",1,0.4,0
USR-0004,2.1,16.5,3,Documentary,1,0.53,44
USR-0005,42.59,47.6,50,"Action, Animation, Documentary, Drama",4,0.42,1
USR-0006,12.69,26.9,32,"Comedy, Romance",1,0.17,2
USR-0007,15.09,21.8,19,"Comedy, Romance",1,0.26,2
USR-0008,54.48,85.9,22,"Action, Thriller",1,0.37,0
USR-0009,44.76,146.1,21,Drama,3,0.85,2
USR-0010,72.63,73.1,42,"Action, Thriller",2,0.62,2
USR-0011,,29.7,24,"Comedy, Romance",1,0.38,0
USR-0012,,80.2,18,"Drama, Sci-Fi",2,0.83,0
USR-0013,,22.1,5,Horror,1,0.38,24
USR-0014,,16.6,25,Animation,2,0.43,2
USR-0015,,68.0,37,"Action, Thriller",1,0.48,2
USR-0016,,23.3,30,Romance,1,0.33,5
USR-0017,,24.8,32,Animation,1,0.24,2
USR-0018,,126.9,33,"Action, Thriller",1,0.48,2
USR-0019,,12.3,3,Romance,1,0.37,34
USR-0020,,163.8,15,"Drama, Sci-Fi",3,0.75,1
USR-0021,65.65,99.1,29,"Action, Thriller",3,0.42,1
USR-0022,13.93,30.6,22,Animation,2,0.42,2
USR-0023,42.27,146.1,11,"Sci-Fi, Thriller",3,0.81,9
USR-0024,27.63,93.6,22,"Sci-Fi, Thriller",3,0.82,4
USR-0025,58.52,79.3,49,"Action, Thriller",2,0.5,0
USR-0026,32.49,97.4,23,Drama,3,0.9,1
USR-0027,21.09,25.9,31,Romance,1,0.2,15
USR-0028,40.13,149.1,18,"Drama, Sci-Fi",2,1.0,2
USR-0029,39.88,123.8,23,"Drama, Sci-Fi",3,0.77,1
USR-0030,43.36,121.0,18,Drama,2,0.76,2
USR-0031,16.39,23.0,31,Animation,1,0.24,5
USR-0032,60.21,81.0,35,"Horror, Romance, Thriller",3,0.67,1
USR-0033,14.28,31.8,33,"Comedy, Romance",2,0.42,0
USR-0034,58.9,106.5,15,"Sci-Fi, Thriller",2,0.76,3
USR-0035,44.28,85.0,47,"Action, Thriller",2,0.46,2
USR-0036,55.55,80.2,52,"Action, Thriller",2,0.51,11
USR-0037,16.19,21.2,25,Animation,1,0.18,1
USR-0038,76.38,79.8,22,"Action, Thriller",1,0.42,0
USR-0039,3.41,29.2,3,Documentary,1,0.54,21
USR-0040,33.2,114.7,18,"Sci-Fi, Thriller",3,0.75,2
USR-0041,16.1,74.6,32,"Action, Thriller",2,0.33,2
USR-0042,38.72,110.7,20,"Drama, Sci-Fi",2,0.99,4
USR-0043,43.44,138.5,23,Drama,3,0.88,2
USR-0044,11.39,28.5,29,Comedy,1,0.29,3
USR-0045,27.62,103.5,29,"Sci-Fi, Thriller",3,0.8,8
USR-0046,33.7,137.5,22,Drama,3,0.74,2
USR-0047,9.32,32.0,37,Comedy,1,0.31,3
USR-0048,2.17,24.5,24,"Comedy, Romance",1,0.32,16
USR-0049,58.89,88.0,35,"Action, Thriller",2,0.51,1
USR-0050,16.82,17.8,32,Comedy,1,0.42,18
USR-0051,3.49,,6,Action,1,0.32,24
USR-0052,49.8,,39,"Action, Thriller",1,0.54,0
USR-0053,0.83,,3,Romance,1,0.22,48
USR-0054,46.31,,30,"Action, Thriller",2,0.3,4
USR-0055,55.77,,33,"Documentary, Drama, Sci-Fi",3,0.59,7
USR-0056,37.33,,24,"Drama, Sci-Fi",2,0.71,3
USR-0057,61.53,,24,"Drama, Sci-Fi",3,0.81,12
USR-0058,44.49,,27,"Action, Thriller",2,0.4,1
USR-0059,45.42,,32,"Action, Thriller",1,0.28,0
USR-0060,5.94,,27,Comedy,1,0.41,3
USR-0061,2.89,16.6,5,Horror,1,0.09,58
USR-0062,46.4,83.6,29,"Animation, Documentary, Drama, Comedy, Horror",5,0.43,1
USR-0063,33.56,147.1,16,"Drama, Sci-Fi",3,0.75,3
USR-0064,67.73,113.1,28,"Action, Thriller",2,0.42,2
USR-0065,64.51,66.0,65,"Drama, Animation, Sci-Fi, Comedy",4,0.71,0
USR-0066,34.23,111.7,42,"Action, Thriller",2,0.44,2
USR-0067,70.8,44.3,27,"Sci-Fi, Action, Drama",3,0.49,0
USR-0068,41.78,97.3,40,"Action, Thriller",2,0.42,3
USR-0069,48.64,78.1,34,"Action, Thriller",2,0.35,1
USR-0070,11.59,25.3,31,Animation,1,0.47,1
USR-0071,12.73,20.3,28,"Comedy, Romance",1,0.38,6
USR-0072,18.58,23.5,31,Romance,2,0.38,0
USR-0073,31.62,40.1,47,"Sci-Fi, Drama, Horror, Thriller",4,0.44,0
USR-0074,17.37,17.2,43,Romance,1,0.29,9
USR-0075,10.45,21.0,36,Romance,1,0.22,4
USR-0076,9.53,17.4,35,Romance,1,0.35,1
USR-0077,48.68,52.5,47,"Action, Animation, Thriller, Horror, Drama",5,0.49,7
USR-0078,15.26,28.4,29,Romance,1,0.53,10
USR-0079,45.84,62.9,21,"Action, Thriller",1,0.45,2
USR-0080,7.44,26.6,44,Comedy,1,0.19,4
USR-0081,6.4,26.4,24,Animation,1,0.38,9
USR-0082,15.28,104.1,22,"Sci-Fi, Thriller",3,0.78,2
USR-0083,4.0,17.1,6,Thriller,1,0.32,28
USR-0084,59.73,83.7,37,"Action, Thriller",2,0.66,6
USR-0085,11.0,32.8,23,Romance,1,0.13,4
USR-0086,27.89,87.7,16,Drama,2,0.8,2
USR-0087,15.66,31.5,38,Animation,2,0.35,1
USR-0088,15.32,19.9,28,Romance,1,0.3,9
USR-0089,28.06,100.1,53,"Action, Thriller",2,0.36,2
USR-0090,17.66,22.2,28,"Comedy, Romance",1,0.34,2
USR-0091,4.89,34.0,31,"Comedy, Romance",2,0.34,1
USR-0092,65.41,76.0,27,"Action, Thriller",3,0.47,4
USR-0093,69.46,100.1,29,"Action, Thriller",1,0.43,0
USR-0094,39.22,57.6,49,"Animation, Comedy, Sci-Fi",3,0.45,3
USR-0095,42.85,65.2,41,"Action, Thriller",2,0.46,1
USR-0096,24.97,114.8,14,"Drama, Sci-Fi",2,0.79,2
USR-0097,4.62,8.8,2,Sci-Fi,1,0.33,38
USR-0098,41.1,142.6,17,"Drama, Sci-Fi",2,0.73,2
USR-0099,41.73,33.1,30,"Animation, Documentary, Sci-Fi, Thriller, Horror",5,0.68,1
USR-0100,10.57,26.4,24,Animation,1,0.33,2
USR-0101,-12.5,118.6,22,"Drama, Sci-Fi",2,0.74,3
USR-0102,-12.5,16.5,17,Comedy,1,0.45,7
USR-0103,-12.5,84.4,40,"Action, Thriller",3,0.49,1
USR-0104,-12.5,101.3,11,"Sci-Fi, Thriller",3,0.94,3
USR-0105,-12.5,31.5,35,Comedy,1,0.28,2
USR-0106,2.18,20.0,4,Documentary,1,0.42,51
USR-0107,20.62,29.0,24,Animation,1,0.31,0
USR-0108,4.65,23.8,5,Sci-Fi,1,0.45,39
USR-0109,54.17,51.3,30,"Action, Thriller",1,0.48,0
USR-0110,8.37,30.1,27,Romance,2,0.58,3
USR-0111,9.5,25.2,31,Animation,1,0.28,10
USR-0112,52.3,108.1,36,"Action, Thriller",2,0.49,8
USR-0113,4.98,24.3,20,"Comedy, Romance",1,0.36,4
USR-0114,51.49,105.9,19,Drama,2,0.94,2
USR-0115,51.31,80.1,40,"Action, Thriller",2,0.55,0
USR-0116,4.04,24.4,6,Romance,1,0.39,59
USR-0117,5.03,23.1,5,Documentary,1,0.19,59
USR-0118,20.48,114.4,21,Drama,3,0.75,14
USR-0119,4.69,17.6,4,Documentary,1,0.38,21
USR-0120,35.66,113.8,21,"Sci-Fi, Thriller",3,0.76,0
USR-0121,17.79,26.2,34,"Comedy, Romance",1,0.2,14
USR-0122,13.02,24.9,31,Animation,2,0.33,3
USR-0123,40.86,27.7,54,"Drama, Animation, Thriller, Documentary, Sci-Fi",5,0.54,0
USR-0124,15.14,22.3,32,"Comedy, Romance",1,0.51,30
USR-0125,18.2,19.0,33,Romance,1,0.33,16
USR-0126,2.85,18.3,7,Romance,1,0.2,44
USR-0127,9.45,21.8,24,Animation,2,0.29,11
USR-0128,40.97,90.0,23,Drama,2,1.0,5
USR-0129,43.44,112.5,16,Drama,2,0.74,9
USR-0130,16.56,51.8,43,"Romance, Documentary, Thriller, Drama, Action",5,0.29,2
USR-0131,11.06,25.6,31,"Comedy, Romance",1,0.35,0
USR-0132,0.1,51.9,57,"Romance, Sci-Fi, Horror, Comedy",4,0.54,2
USR-0133,53.68,75.7,50,"Comedy, Thriller, Action, Animation",4,0.6,6
USR-0134,9.83,28.8,37,"Comedy, Romance",1,0.38,2
USR-0135,40.25,121.8,23,"Drama, Sci-Fi",3,0.69,0
USR-0136,55.53,65.7,57,"Action, Drama, Comedy, Animation",4,0.33,0
USR-0137,41.33,106.0,25,Drama,3,0.68,18
USR-0138,60.2,105.2,11,"Drama, Sci-Fi",2,0.91,1
USR-0139,14.93,31.5,17,Comedy,2,0.31,0
USR-0140,66.18,66.6,53,"Horror, Thriller, Comedy, Action, Animation",5,0.44,0
USR-0141,21.53,108.7,25,"Sci-Fi, Thriller",2,0.73,0
USR-0142,49.51,113.1,22,"Sci-Fi, Thriller",2,0.8,0
USR-0143,74.52,52.8,39,"Action, Thriller",3,0.42,0
USR-0144,6.3,28.6,19,"Comedy, Romance",1,0.38,6
USR-0145,9.46,31.0,26,Romance,1,0.35,3
USR-0146,4.35,24.4,5,Drama,1,0.32,24
USR-0147,83.82,89.7,39,"Action, Thriller",1,0.63,1
USR-0148,11.01,20.9,21,Animation,1,0.32,8
USR-0149,49.42,60.9,47,"Animation, Drama, Romance",3,0.61,3
USR-0150,12.46,30.7,26,Animation,1,0.48,1
USR-0151,14.6,34.4,26,Animation,1,0.57,26
USR-0152,14.09,21.6,27,Romance,1,0.56,7
USR-0153,10.04,43.6,26,Comedy,1,0.27,0
USR-0154,16.36,24.3,33,"Comedy, Romance",1,0.44,9
USR-0155,91.47,70.2,70,"Drama, Action, Horror, Documentary",4,0.55,0
USR-0156,54.77,147.6,16,"Sci-Fi, Thriller",2,0.83,1
USR-0157,3.49,16.5,1,Animation,1,0.24,43
USR-0158,42.68,105.7,15,Drama,3,0.67,1
USR-0159,26.22,60.9,24,"Comedy, Documentary, Animation, Romance",4,0.53,0
USR-0160,51.14,121.2,38,"Action, Thriller",2,0.49,6
USR-0161,51.08,81.7,35,"Action, Thriller",3,0.38,0
USR-0162,63.79,88.8,35,"Action, Thriller",1,0.25,0
USR-0163,3.21,20.3,4,Comedy,1,0.41,33
USR-0164,9.07,28.0,31,Comedy,1,0.27,14
USR-0165,65.44,97.4,36,"Action, Thriller",2,0.49,2
USR-0166,41.72,66.0,46,"Comedy, Animation, Horror",3,0.55,0
USR-0167,39.36,126.6,21,"Drama, Sci-Fi",2,0.83,0
USR-0168,49.01,117.2,18,"Drama, Sci-Fi",3,0.86,0
USR-0169,6.89,15.1,22,Comedy,1,0.51,5
USR-0170,12.17,23.6,30,Romance,1,0.25,3
USR-0171,13.01,99.4,31,"Thriller, Action, Animation",3,0.3,0
USR-0172,51.97,95.9,33,"Action, Thriller",1,0.51,1
USR-0173,8.05,18.4,29,"Comedy, Romance",1,0.49,8
USR-0174,7.77,25.4,29,Animation,2,0.39,0
USR-0175,53.97,118.5,17,"Sci-Fi, Thriller",2,0.81,0
USR-0176,65.46,128.3,22,"Sci-Fi, Thriller",2,0.89,9
USR-0177,25.35,70.6,55,"Romance, Thriller, Documentary, Action, Animation",5,0.39,0
USR-0178,54.04,106.4,24,"Action, Thriller",2,0.46,0
USR-0179,39.08,101.3,30,"Action, Thriller",1,0.47,0
USR-0180,33.82,157.9,28,Drama,3,0.77,0
USR-0181,61.83,114.4,31,"Action, Thriller",1,0.43,6
USR-0182,41.79,79.3,30,"Action, Thriller",2,0.43,0
USR-0183,51.27,41.7,48,"Horror, Action, Thriller, Documentary",4,0.6,10
USR-0184,15.47,14.2,35,Animation,1,0.42,0
USR-0185,9.06,32.4,34,"Comedy, Romance",1,0.41,0
USR-0186,1.87,21.9,3,Romance,1,0.29,23
USR-0187,49.87,62.7,52,"Horror, Drama, Animation, Romance",4,0.61,0
USR-0188,70.72,90.6,36,"Action, Thriller",3,0.44,0
USR-0189,71.66,93.4,45,"Action, Horror, Sci-Fi",3,0.2,0
USR-0190,48.44,104.7,40,"Action, Thriller",2,0.46,1
USR-0191,7.91,26.8,29,Romance,1,0.34,3
USR-0192,55.68,97.9,34,"Action, Thriller",2,0.5,2
USR-0193,13.13,20.2,31,"Comedy, Romance",1,0.22,3
USR-0194,34.37,108.0,28,Drama,3,0.79,16
USR-0195,47.64,85.5,31,"Action, Thriller",2,0.47,17
USR-0196,26.52,78.7,49,"Horror, Action, Romance, Drama, Animation",5,0.77,1
USR-0197,60.3,76.4,44,"Action, Sci-Fi, Documentary, Drama, Comedy",5,0.48,1
USR-0198,54.82,98.7,35,"Action, Thriller",2,0.35,5
USR-0199,40.68,89.4,44,"Action, Thriller",2,0.36,1
USR-0200,17.88,23.7,23,Comedy,2,0.45,0
USR-0201,99999.0,25.9,31,Animation,1,0.4,15
USR-0202,99999.0,123.4,14,"Drama, Sci-Fi",2,0.81,0
USR-0203,99999.0,108.4,34,"Action, Thriller",1,0.46,2
USR-0204,12.94,24.9,24,Romance,1,0.47,7
USR-0205,61.94,53.6,30,"Thriller, Horror, Animation, Comedy",4,0.68,6
USR-0206,10.77,29.1,27,Romance,1,0.24,6
USR-0207,45.38,141.5,18,"Sci-Fi, Thriller",2,0.73,1
USR-0208,20.22,18.4,26,Romance,1,0.32,34
USR-0209,47.46,112.8,21,"Drama, Sci-Fi",3,0.67,2
USR-0210,60.44,76.0,34,"Animation, Comedy, Thriller, Documentary",4,0.56,0
USR-0211,28.04,119.2,15,"Drama, Sci-Fi",2,0.66,2
USR-0212,19.25,28.7,29,"Comedy, Romance",1,0.44,1
USR-0213,45.97,135.4,18,Drama,2,0.85,6
USR-0214,75.04,95.9,25,"Action, Thriller",2,0.49,4
USR-0215,25.5,97.9,17,Drama,3,0.73,1
USR-0216,14.36,27.0,17,Comedy,1,0.5,1
USR-0217,50.27,83.8,23,"Action, Thriller",3,0.28,2
USR-0218,37.8,113.7,18,"Sci-Fi, Thriller",2,0.81,3
USR-0219,68.08,68.7,38,"Action, Thriller",2,0.37,12
USR-0220,55.98,109.6,27,"Action, Thriller",2,0.42,0
USR-0221,15.09,30.3,22,Romance,1,0.3,10
USR-0222,68.77,85.4,44,"Action, Thriller",2,0.26,0
USR-0223,12.56,14.4,29,Romance,2,0.34,1
USR-0224,6.4,8.2,32,"Comedy, Romance",1,0.34,0
USR-0225,11.29,116.8,24,"Sci-Fi, Thriller",2,0.86,0
USR-0226,11.79,29.9,22,Romance,1,0.25,2
USR-0227,68.9,60.9,44,"Romance, Horror, Documentary, Thriller, Action",5,0.41,2
USR-0228,64.44,76.6,26,"Action, Thriller",3,0.46,1
USR-0229,55.59,83.8,49,"Animation, Romance, Sci-Fi",3,0.5,5
USR-0230,2.09,26.1,5,Action,1,0.16,40
USR-0231,60.15,100.4,36,"Action, Thriller",2,0.41,0
USR-0232,6.93,24.7,25,"Comedy, Romance",1,0.55,9
USR-0233,10.79,26.3,28,Animation,2,0.35,1
USR-0234,10.07,19.3,28,"Comedy, Romance",1,0.51,7
USR-0235,73.99,95.7,49,"Action, Thriller",1,0.65,1
USR-0236,17.06,22.2,23,Animation,1,0.14,10
USR-0237,3.17,10.8,6,Sci-Fi,1,0.15,31
USR-0238,7.43,28.2,28,"Comedy, Romance",1,0.45,11
USR-0239,10.66,22.6,22,"Comedy, Romance",2,0.39,24
USR-0240,52.76,56.9,34,"Thriller, Action, Documentary, Drama",4,0.5,0
USR-0241,34.98,131.2,21,"Drama, Sci-Fi",2,0.79,10
USR-0242,58.32,101.0,26,"Action, Thriller",3,0.37,6
USR-0243,10.17,23.2,29,Animation,1,0.3,2
USR-0244,15.05,32.5,18,Comedy,2,0.47,12
USR-0245,10.73,20.9,30,Comedy,2,0.25,2
USR-0246,41.26,158.8,14,Drama,3,0.75,2
USR-0247,45.22,69.5,47,"Horror, Thriller, Romance, Action",4,0.59,1
USR-0248,42.71,64.8,40,"Sci-Fi, Horror, Comedy, Thriller",4,0.49,3
USR-0249,65.66,82.1,40,"Action, Thriller",1,0.41,3
USR-0250,11.11,22.9,27,Comedy,2,0.32,0
USR-0251,62.87,112.9,32,"Action, Thriller",2,0.53,13
USR-0252,52.39,122.3,17,Drama,3,0.66,7
USR-0253,8.29,26.4,33,"Comedy, Romance",2,0.4,0
USR-0254,28.8,117.8,15,"Sci-Fi, Thriller",3,0.76,3
USR-0255,29.86,135.7,15,"Sci-Fi, Thriller",3,0.8,14
USR-0256,11.17,14.5,33,Romance,1,0.33,4
USR-0257,49.85,79.6,23,"Action, Thriller",2,0.44,0
USR-0258,52.54,90.1,43,"Action, Thriller",2,0.39,2
USR-0259,11.36,29.0,29,"Comedy, Romance",1,0.27,14
USR-0260,39.36,108.2,27,"Drama, Sci-Fi",3,0.74,3
USR-0261,10.07,25.9,37,Romance,1,0.44,11
USR-0262,41.93,103.6,24,"Sci-Fi, Thriller",2,0.81,5
USR-0263,17.32,33.0,29,Romance,1,0.44,17
USR-0264,43.82,132.7,20,"Sci-Fi, Thriller",2,0.74,2
USR-0265,22.71,22.1,16,Animation,2,0.42,0
USR-0266,10.82,31.5,28,Romance,2,0.27,4
USR-0267,52.04,68.9,43,"Thriller, Comedy, Drama, Animation, Action",5,0.6,0
USR-0268,8.14,22.4,28,"Comedy, Romance",1,0.33,3
USR-0269,35.88,68.1,46,"Drama, Animation, Romance, Comedy",4,0.64,0
USR-0270,11.59,27.5,21,Romance,1,0.31,1
USR-0271,12.18,24.7,19,Animation,2,0.2,6
USR-0272,46.5,71.7,29,"Drama, Sci-Fi, Romance",3,0.36,3
USR-0273,7.75,19.8,20,"Comedy, Romance",2,0.26,5
USR-0274,58.89,84.6,40,"Action, Thriller",2,0.38,1
USR-0275,11.24,33.6,23,Comedy,1,0.4,5
USR-0276,58.19,116.5,32,"Action, Thriller",2,0.48,0
USR-0277,53.28,64.6,56,"Horror, Thriller, Animation, Action, Drama",5,0.49,1
USR-0278,37.78,133.5,22,Drama,2,0.82,7
USR-0279,55.78,66.3,43,"Sci-Fi, Romance, Comedy",3,0.48,1
USR-0280,14.62,26.2,27,Comedy,1,0.31,14
USR-0281,17.7,32.8,24,Animation,1,0.45,22
USR-0282,48.57,102.8,39,"Action, Thriller",1,0.52,4
USR-0283,64.64,75.6,48,"Action, Thriller, Drama, Animation, Sci-Fi",5,0.63,0
USR-0284,16.39,36.3,23,Romance,2,0.38,8
USR-0285,53.06,79.4,27,"Action, Thriller",2,0.37,4
USR-0286,4.24,17.0,4,Action,1,0.0,41
USR-0287,72.77,82.8,39,"Action, Thriller",3,0.37,1
USR-0288,76.73,77.3,19,"Comedy, Animation, Drama, Action",4,0.72,2
USR-0289,14.22,29.9,24,Comedy,1,0.2,5
USR-0290,66.46,74.5,28,"Action, Thriller",1,0.56,1
USR-0291,10.1,30.2,29,Comedy,1,0.37,3
USR-0292,1.88,19.7,5,Horror,1,0.17,48
USR-0293,61.27,77.8,36,"Action, Thriller",2,0.46,9
USR-0294,33.82,113.7,23,"Sci-Fi, Thriller",2,0.9,2
USR-0295,11.71,31.7,29,Animation,1,0.27,0
USR-0296,65.29,60.2,41,"Comedy, Animation, Thriller",3,0.56,1
USR-0297,13.51,19.6,22,"Comedy, Romance",1,0.46,8
USR-0298,8.77,25.9,28,Comedy,1,0.32,5
USR-0299,5.9,18.2,26,Animation,1,0.09,16
USR-0300,14.47,27.2,27,Comedy,1,0.3,10
USR-0301,54.14,65.3,51,,4,0.57,0
USR-0302,57.71,156.8,22,,3,0.96,3
USR-0303,26.27,76.8,40,,5,0.45,1
USR-0304,61.45,90.8,33,,2,0.38,0
USR-0305,70.38,98.4,26,,3,0.47,3
USR-0306,7.32,30.1,31,,2,0.33,5
USR-0307,68.37,106.7,34,,2,0.53,0
USR-0308,16.14,20.3,30,,1,0.34,2
USR-0309,78.63,36.6,39,"Comedy, Horror, Action, Documentary",4,0.49,7
USR-0310,41.99,73.8,29,"Action, Animation, Sci-Fi",3,0.56,3
USR-0311,53.61,100.1,22,"Sci-Fi, Thriller",3,0.79,0
USR-0312,8.15,30.0,36,Animation,2,0.47,10
USR-0313,63.93,70.2,39,"Action, Horror, Romance, Drama",4,0.65,1
USR-0314,80.2,86.3,32,"Action, Thriller",2,0.39,7
USR-0315,0.98,10.0,5,Action,1,0.27,37
USR-0316,16.98,13.5,34,Comedy,1,0.32,17
USR-0317,36.68,90.5,36,"Action, Thriller",2,0.43,9
USR-0318,59.76,88.7,28,Drama,2,0.81,2
USR-0319,2.53,23.5,6,Sci-Fi,1,0.33,39
USR-0320,39.97,95.5,42,"Action, Thriller",2,0.41,0
USR-0321,55.13,100.6,45,"Action, Thriller",3,0.41,1
USR-0322,46.8,143.9,11,Drama,3,0.83,1
USR-0323,21.69,30.1,26,Comedy,2,0.29,1
USR-0324,7.88,20.5,35,Comedy,2,0.43,6
USR-0325,40.01,76.0,38,"Drama, Animation, Action, Comedy, Thriller",5,0.45,2
USR-0326,76.63,95.7,38,"Action, Thriller",2,0.39,9
USR-0327,62.81,67.5,43,"Action, Thriller",2,0.35,0
USR-0328,2.76,25.9,34,Animation,2,0.45,0
USR-0329,49.99,104.1,32,"Action, Thriller",2,0.4,0
USR-0330,63.85,107.1,48,"Action, Thriller",2,0.24,1
USR-0331,15.18,23.7,29,Comedy,2,0.32,4
USR-0332,65.68,98.6,39,"Action, Thriller",1,0.45,2
USR-0333,37.62,125.4,21,Drama,3,0.91,6
USR-0334,25.11,140.3,20,Drama,2,0.91,10
USR-0335,48.38,66.5,38,"Animation, Comedy, Documentary",3,0.44,1
USR-0336,9.48,34.2,24,Animation,1,0.18,0
USR-0337,56.98,89.4,40,"Action, Thriller",1,0.54,4
USR-0338,53.94,62.5,49,"Horror, Drama, Animation, Documentary",4,0.49,1
USR-0339,45.43,90.6,38,"Action, Thriller",2,0.7,2
USR-0340,8.73,27.6,20,Animation,2,0.38,2
USR-0341,75.08,110.1,24,"Action, Thriller",1,0.53,10
USR-0342,16.76,31.1,18,"Comedy, Romance",1,0.44,0
USR-0343,53.39,74.9,24,"Action, Thriller",3,0.5,0
USR-0344,27.78,86.5,46,"Thriller, Comedy, Romance",3,0.44,1
USR-0345,55.9,49.7,44,"Romance, Comedy, Documentary, Animation, Horror",5,0.48,1
USR-0346,40.16,118.3,27,"Sci-Fi, Thriller",3,0.9,0
USR-0347,30.27,82.5,22,"Sci-Fi, Thriller",2,0.69,1
USR-0348,46.12,28.9,54,"Thriller, Animation, Sci-Fi, Comedy, Horror",5,0.42,5
USR-0349,22.82,125.7,24,"Drama, Sci-Fi",2,0.78,6
USR-0350,13.32,30.4,27,Romance,1,0.48,19
USR-0351,48.41,102.9,31,"Action, Thriller",2,0.45,2
USR-0352,64.52,89.8,37,"Action, Thriller",2,0.41,3
USR-0353,10.88,23.3,32,Comedy,2,0.38,4
USR-0354,74.17,35.2,53,"Documentary, Drama, Comedy, Horror",4,0.4,0
USR-0355,9.05,18.4,25,Comedy,2,0.45,7
USR-0356,53.88,74.1,65,"Comedy, Action, Animation",3,0.36,0
USR-0357,66.71,103.8,25,"Action, Thriller",1,0.46,0
USR-0358,51.63,96.4,28,"Action, Thriller",2,0.42,2
USR-0359,26.22,108.7,25,Drama,3,0.97,8
USR-0360,54.9,109.6,16,"Drama, Sci-Fi",3,0.72,3
USR-0361,13.01,19.5,25,"Comedy, Romance",2,0.27,5
USR-0362,63.99,106.6,39,"Action, Thriller",3,0.58,3
USR-0363,10.95,27.2,31,Romance,2,0.39,5
USR-0364,53.06,70.1,24,"Sci-Fi, Horror, Action",3,0.48,1
USR-0365,76.09,73.9,24,"Action, Thriller",2,0.44,5
USR-0366,11.85,27.1,29,"Comedy, Romance",2,0.35,5
USR-0367,9.46,17.9,24,Romance,1,0.33,3
USR-0368,61.98,87.0,43,"Action, Thriller",3,0.41,1
USR-0369,41.04,108.4,27,"Drama, Sci-Fi",2,0.62,4
USR-0370,36.79,87.6,32,"Horror, Romance, Comedy, Sci-Fi",4,0.66,3
USR-0371,8.83,31.4,37,"Comedy, Romance",1,0.28,2
USR-0372,50.55,68.9,35,"Action, Thriller",1,0.54,0
USR-0373,51.56,111.6,25,"Sci-Fi, Thriller",3,0.85,1
USR-0374,0.87,23.5,3,Sci-Fi,1,0.16,52
USR-0375,62.37,97.9,37,"Action, Thriller",2,0.45,4
USR-0376,35.89,109.9,11,"Drama, Sci-Fi",3,0.78,1
USR-0377,40.95,114.7,23,Drama,2,0.78,5
USR-0378,9.32,26.7,32,Comedy,1,0.41,0
USR-0379,4.74,13.9,5,Drama,1,0.3,42
USR-0380,12.69,24.6,26,"Comedy, Romance",1,0.35,1
USR-0381,62.46,109.9,38,"Action, Thriller",2,0.56,2
USR-0382,70.88,91.3,62,"Thriller, Animation, Action, Romance, Comedy",5,0.44,0
USR-0383,3.94,22.4,3,Comedy,1,0.27,34
USR-0384,40.73,67.3,46,"Thriller, Horror, Comedy, Animation",4,0.51,1
USR-0385,11.28,17.4,39,Romance,1,0.3,4
USR-0386,12.97,18.1,30,Romance,2,0.33,0
USR-0387,36.2,123.6,20,Drama,3,0.79,4
USR-0388,62.55,77.9,42,"Action, Thriller",3,0.39,0
USR-0389,52.04,66.1,56,"Drama, Comedy, Romance, Action",4,0.49,4
USR-0390,17.74,26.5,20,Animation,1,0.32,2
USR-0391,51.93,86.4,34,"Action, Thriller",2,0.5,4
USR-0392,7.94,20.4,25,Comedy,1,0.29,2
USR-0393,4.28,25.5,4,Animation,1,0.07,32
USR-0394,11.36,31.2,27,Animation,1,0.37,3
USR-0395,14.17,34.8,34,Animation,1,0.42,0
USR-0396,73.2,95.4,14,"Action, Thriller",2,0.65,2
USR-0397,31.99,126.6,18,Drama,2,0.82,5
USR-0398,58.14,71.2,32,"Action, Thriller",2,0.72,0
USR-0399,54.77,96.6,21,"Drama, Sci-Fi",2,0.71,0
USR-0400,48.42,102.5,26,"Action, Thriller",2,0.47,4
USR-0401,12.46,19.9,30,Romance,2,0.4,0
USR-0402,21.92,38.6,36,Comedy,2,0.4,11
USR-0403,33.63,129.2,9,"Drama, Sci-Fi",2,0.75,1
USR-0404,3.21,20.9,6,Documentary,1,0.4,39
USR-0405,9.9,33.3,25,Comedy,2,0.39,0
USR-0406,47.01,97.5,27,"Drama, Sci-Fi",2,0.79,0
USR-0407,52.0,115.6,12,Drama,2,0.78,5
USR-0408,4.32,25.8,8,Action,1,0.38,29
USR-0409,47.43,122.3,16,"Drama, Sci-Fi",3,0.79,2
USR-0410,47.62,65.4,27,"Action, Thriller",2,0.33,0
USR-0411,56.99,141.6,16,"Sci-Fi, Thriller",3,0.73,8
USR-0412,30.37,100.4,24,Drama,2,0.88,6
USR-0413,10.29,20.1,28,"Comedy, Romance",1,0.37,3
USR-0414,3.49,12.3,5,Animation,1,0.0,38
USR-0415,48.25,136.3,24,"Drama, Sci-Fi",2,0.81,11
USR-0416,63.5,63.3,53,"Drama, Romance, Thriller, Horror, Action",5,0.38,0
USR-0417,16.89,23.4,30,Comedy,1,0.29,8
USR-0418,3.62,14.8,7,Thriller,1,0.52,34
USR-0419,44.05,92.8,35,"Action, Thriller",2,0.56,1
USR-0420,48.14,105.7,16,"Sci-Fi, Thriller",2,0.78,0
USR-0421,44.23,161.6,11,"Drama, Sci-Fi",2,0.85,2
USR-0422,39.96,58.7,29,"Thriller, Sci-Fi, Drama",3,0.52,0
USR-0423,41.16,71.3,45,"Documentary, Sci-Fi, Drama",3,0.42,0
USR-0424,72.93,96.5,29,"Action, Thriller",2,0.54,0
USR-0425,38.58,104.8,23,"Sci-Fi, Thriller",2,0.81,0
USR-0426,40.59,128.9,18,Drama,2,0.81,5
USR-0427,67.38,110.2,40,"Action, Thriller",3,0.34,0
USR-0428,15.65,24.2,27,"Comedy, Romance",1,0.4,7
USR-0429,38.34,106.4,18,"Sci-Fi, Thriller",2,0.77,0
USR-0430,9.84,26.7,22,Romance,2,0.24,19
USR-0431,5.06,25.1,7,Comedy,1,0.17,21
USR-0432,31.67,33.3,48,"Documentary, Drama, Action, Horror",4,0.59,1
USR-0433,13.22,15.3,30,Romance,1,0.32,0
USR-0434,11.62,27.5,22,Romance,2,0.48,4
USR-0435,72.86,68.0,46,"Action, Thriller",3,0.43,0
USR-0436,4.92,21.3,26,"Comedy, Romance",1,0.44,3
USR-0437,51.39,71.9,38,"Action, Thriller",1,0.48,1
USR-0438,41.41,95.2,32,"Action, Thriller",3,0.4,7
USR-0439,4.36,32.9,28,Romance,2,0.31,2
USR-0440,43.35,111.2,34,"Action, Thriller",1,0.45,2
USR-0441,34.4,127.6,12,"Drama, Sci-Fi",3,0.8,6
USR-0442,62.63,81.8,19,"Action, Thriller",3,0.39,0
USR-0443,20.12,84.4,26,"Action, Thriller",2,0.29,0
USR-0444,46.08,134.3,19,"Sci-Fi, Thriller",2,0.79,2
USR-0445,59.64,84.2,20,"Action, Thriller",3,0.54,0
USR-0446,1.06,11.8,3,Drama,1,0.19,36
USR-0447,66.7,97.7,42,"Action, Thriller",2,0.5,0
USR-0448,54.01,97.2,18,"Sci-Fi, Thriller",2,0.78,2
USR-0449,49.44,74.5,35,"Action, Thriller",2,0.61,12
USR-0450,24.41,34.0,60,"Comedy, Animation, Sci-Fi, Romance",4,0.63,3
USR-0451,43.57,79.8,28,"Action, Thriller",3,0.53,0
USR-0452,49.56,103.4,42,"Action, Thriller",2,0.62,3
USR-0453,23.43,109.5,16,"Sci-Fi, Thriller",2,0.86,3
USR-0454,42.84,100.2,15,"Sci-Fi, Thriller",2,0.9,2
USR-0455,55.95,85.4,38,"Action, Thriller",2,0.49,4
USR-0456,39.41,155.8,25,"Sci-Fi, Thriller",2,0.84,8
USR-0457,40.12,177.4,11,"Sci-Fi, Thriller",2,0.88,0
USR-0458,42.29,82.8,23,"Drama, Sci-Fi",2,0.82,7
USR-0459,24.61,130.1,18,"Drama, Sci-Fi",3,0.81,4
USR-0460,51.65,95.1,10,Drama,2,0.86,7
USR-0461,1.86,19.4,8,Action,1,0.15,20
USR-0462,7.39,26.1,28,Animation,1,0.44,3
USR-0463,26.11,108.1,18,Drama,2,0.75,7
USR-0464,1.81,17.1,1,Thriller,1,0.19,32
USR-0465,16.82,31.9,23,Animation,2,0.31,7
USR-0466,36.07,97.1,32,"Action, Thriller",3,0.58,0
USR-0467,63.75,76.0,44,"Action, Horror, Documentary",3,0.27,0
USR-0468,14.69,32.2,23,Animation,1,0.35,12
USR-0469,78.65,89.7,28,"Action, Thriller",2,0.34,6
USR-0470,70.26,73.6,58,"Romance, Animation, Thriller",3,0.34,1
USR-0471,34.85,137.4,20,"Drama, Sci-Fi",3,0.83,1
USR-0472,17.74,26.5,32,Comedy,1,0.17,0
USR-0473,7.0,25.1,15,Comedy,2,0.28,4
USR-0474,1.78,29.1,3,Horror,1,0.0,57
USR-0475,64.45,109.2,11,"Drama, Sci-Fi",2,0.92,1
USR-0476,44.92,100.1,35,"Action, Thriller",2,0.38,6
USR-0477,51.06,108.7,15,Drama,2,0.81,0
USR-0478,56.88,105.3,32,"Action, Thriller",2,0.54,2
USR-0479,13.11,5.0,24,Romance,1,0.25,12
USR-0480,50.74,63.5,49,"Drama, Sci-Fi, Horror, Animation, Documentary",5,0.2,6
USR-0481,47.92,102.7,33,"Action, Thriller",2,0.34,1
USR-0482,65.09,93.1,24,"Action, Thriller",2,0.4,0
USR-0483,52.56,83.1,56,"Thriller, Animation, Drama, Action",4,0.43,0
USR-0484,53.67,91.8,33,"Action, Thriller",2,0.45,0
USR-0485,54.99,73.5,52,"Animation, Action, Sci-Fi, Romance, Drama",5,0.44,2
USR-0486,35.02,111.3,32,"Action, Thriller",1,0.51,1
USR-0487,55.58,83.6,36,"Action, Thriller",2,0.45,0
USR-0488,23.21,110.3,42,"Action, Thriller",2,0.28,1
USR-0489,4.18,23.6,7,Horror,1,0.39,25
USR-0490,8.84,25.6,21,Animation,1,0.53,7
USR-0491,45.29,121.1,19,"Drama, Sci-Fi",2,0.72,0
USR-0492,55.16,94.0,53,"Horror, Animation, Sci-Fi, Thriller, Romance",5,0.49,2
USR-0493,2.88,26.8,7,Romance,1,0.36,27
USR-0494,65.09,51.8,62,"Documentary, Horror, Drama, Comedy, Animation",5,0.29,2
USR-0495,16.14,34.2,23,"Comedy, Romance",1,0.36,3
USR-0496,71.42,72.5,13,"Action, Thriller",2,0.4,2
USR-0497,38.97,95.2,30,"Sci-Fi, Thriller",2,0.93,7
USR-0498,9.62,24.8,21,Comedy,1,0.47,11
USR-0499,37.38,168.8,18,"Drama, Sci-Fi",2,0.75,4
USR-0500,45.27,64.0,33,"Action, Thriller",1,0.48,1
USR-0501,57.47,74.5,27,"Action, Thriller",1,0.59,0
USR-0502,39.56,84.2,21,"Sci-Fi, Thriller",3,0.72,6
USR-0503,29.69,102.8,15,Drama,2,0.76,2
USR-0504,33.11,122.9,18,Drama,2,0.83,2
USR-0505,46.37,66.6,45,"Action, Thriller",2,0.57,8
USR-0506,82.64,67.8,45,"Action, Thriller",3,0.56,17
USR-0507,46.49,112.7,18,Drama,3,0.84,0
USR-0508,33.24,74.1,51,"Action, Thriller",3,0.46,2
USR-0509,45.16,53.9,53,"Animation, Thriller, Action, Drama, Romance",5,0.47,2
USR-0510,26.27,127.0,10,"Sci-Fi, Thriller",2,0.8,1
USR-0511,48.21,120.9,22,Drama,3,0.84,9
USR-0512,26.89,47.6,44,"Romance, Thriller, Action, Horror, Drama",5,0.41,5
USR-0513,38.19,78.2,40,"Horror, Thriller, Sci-Fi, Animation, Documentary",5,0.61,3
USR-0514,64.7,46.1,52,"Romance, Sci-Fi, Comedy, Drama",4,0.57,1
USR-0515,47.94,111.5,22,"Drama, Sci-Fi",2,0.88,5
USR-0516,8.56,38.8,30,"Comedy, Romance",2,0.39,3
USR-0517,13.8,26.3,25,"Comedy, Romance",1,0.27,3
USR-0518,62.91,86.8,35,"Animation, Drama, Documentary, Action, Sci-Fi",5,0.4,0
USR-0519,6.85,25.6,27,Animation,1,0.22,4
USR-0520,57.58,81.6,22,"Action, Thriller",2,0.62,4
USR-0521,60.96,106.0,25,"Action, Thriller",2,0.22,4
USR-0522,15.59,15.0,27,"Comedy, Romance",1,0.35,3
USR-0523,51.31,118.7,20,"Sci-Fi, Thriller",3,0.72,5
USR-0524,58.86,92.5,27,"Action, Thriller",2,0.43,1
USR-0525,17.82,29.8,27,Romance,1,0.3,9
USR-0526,41.99,123.3,23,"Sci-Fi, Thriller",3,0.89,2
USR-0527,3.48,17.9,3,Action,1,0.37,55
USR-0528,10.34,28.9,34,Animation,1,0.36,1
USR-0529,62.03,57.5,37,"Horror, Thriller, Comedy, Animation, Sci-Fi",5,0.41,1
USR-0530,3.92,22.0,7,Comedy,1,0.27,31
USR-0531,8.32,22.0,25,"Comedy, Romance",1,0.38,2
USR-0532,53.89,70.6,29,"Action, Thriller",2,0.49,1
USR-0533,50.9,90.0,35,"Action, Thriller",3,0.7,9
USR-0534,77.91,46.0,35,"Drama, Comedy, Horror",3,0.57,0
USR-0535,9.47,29.0,23,Animation,1,0.27,0
USR-0536,61.69,88.0,38,"Action, Thriller",1,0.4,11
USR-0537,9.32,32.0,20,Romance,1,0.4,5
USR-0538,45.39,137.9,29,"Sci-Fi, Thriller",2,0.85,0
USR-0539,35.57,143.6,18,Drama,3,0.77,3
USR-0540,4.13,30.5,6,Comedy,1,0.4,38
USR-0541,1.68,28.1,25,"Comedy, Romance",1,0.22,2
USR-0542,38.25,98.9,29,"Action, Thriller",1,0.43,1
USR-0543,42.26,89.3,38,"Action, Thriller",1,0.43,10
USR-0544,58.83,114.8,36,"Action, Thriller",2,0.55,0
USR-0545,52.05,98.9,45,"Action, Thriller",2,0.38,9
USR-0546,49.5,124.9,12,Drama,2,0.78,2
USR-0547,47.29,92.1,17,"Drama, Sci-Fi",3,0.84,3
USR-0548,40.42,81.0,56,"Drama, Comedy, Action, Romance, Documentary",5,0.47,1
USR-0549,75.03,75.9,47,"Action, Thriller",2,0.42,3
USR-0550,58.57,114.3,29,"Action, Thriller",2,0.36,1
USR-0551,53.95,98.2,42,"Action, Thriller",2,0.44,3
USR-0552,7.86,24.1,32,Romance,1,0.23,9
USR-0553,47.82,75.8,52,"Action, Horror, Animation, Documentary",4,0.55,0
USR-0554,24.96,87.6,56,"Comedy, Action, Romance, Horror",4,0.49,2
USR-0555,14.16,29.4,25,Animation,1,0.38,1
USR-0556,62.56,61.8,38,"Action, Thriller",2,0.54,9
USR-0557,40.49,135.4,16,"Sci-Fi, Thriller",3,0.83,2
USR-0558,61.57,77.1,39,"Action, Thriller",2,0.48,0
USR-0559,44.99,98.8,33,"Action, Thriller",1,0.24,0
USR-0560,9.25,22.5,32,"Comedy, Romance",1,0.41,0
USR-0561,8.96,36.6,30,Romance,1,0.18,15
USR-0562,16.04,19.3,28,Romance,1,0.36,17
USR-0563,74.72,95.4,28,"Action, Thriller",3,0.45,2
USR-0564,39.0,88.1,16,"Drama, Sci-Fi",2,0.79,7
USR-0565,63.61,82.0,36,"Action, Thriller",2,0.45,4
USR-0566,4.38,17.7,30,Comedy,2,0.53,2
USR-0567,11.76,21.7,38,Romance,1,0.53,6
USR-0568,40.96,43.8,52,"Thriller, Documentary, Horror",3,0.83,1
USR-0569,34.51,47.7,53,"Action, Sci-Fi, Horror",3,0.5,1
USR-0570,71.44,65.5,36,"Action, Thriller",3,0.4,2
USR-0571,72.55,96.7,42,"Action, Thriller",2,0.43,6
USR-0572,36.04,104.6,23,Drama,3,0.89,0
USR-0573,14.66,19.1,18,Comedy,2,0.32,1
USR-0574,62.6,79.5,48,"Action, Thriller",1,0.26,0
USR-0575,12.32,25.4,28,Romance,1,0.26,6
USR-0576,47.47,46.6,50,"Action, Thriller",2,0.34,2
USR-0577,1.85,12.7,2,Romance,1,0.17,59
USR-0578,52.12,110.1,25,"Sci-Fi, Thriller",3,0.79,3
USR-0579,46.44,88.7,14,"Sci-Fi, Thriller",3,0.8,1
USR-0580,52.09,61.6,31,"Action, Thriller",2,0.35,0
USR-0581,56.84,140.0,28,"Drama, Sci-Fi",2,0.75,1
USR-0582,3.44,16.2,8,Drama,1,0.26,40
USR-0583,17.61,57.3,62,"Thriller, Action, Comedy, Drama, Documentary",5,0.54,0
USR-0584,37.28,64.5,23,"Comedy, Drama, Action, Horror, Animation",5,0.66,0
USR-0585,10.27,29.8,26,"Comedy, Romance",2,0.33,25
USR-0586,68.7,83.4,34,"Action, Thriller",2,0.43,0
USR-0587,8.91,17.3,29,Comedy,2,0.54,2
USR-0588,49.25,95.4,53,"Action, Thriller",2,0.38,0
USR-0589,45.76,79.0,27,"Sci-Fi, Horror, Thriller, Documentary",4,0.82,6
USR-0590,5.03,22.8,18,Comedy,2,0.41,8
USR-0591,36.02,143.7,28,"Drama, Sci-Fi",2,0.77,1
USR-0592,10.97,21.8,32,Animation,2,0.16,6
USR-0593,4.07,27.1,6,Horror,1,0.27,20
USR-0594,19.43,22.1,29,Comedy,2,0.17,0
USR-0595,48.79,85.5,30,"Action, Thriller",2,0.42,0
USR-0596,50.48,33.5,39,"Documentary, Romance, Sci-Fi",3,0.63,0
USR-0597,69.61,90.7,36,"Action, Thriller",2,0.4,6
USR-0598,64.35,88.6,26,"Action, Thriller",1,0.61,0
USR-0599,33.51,127.5,25,"Sci-Fi, Thriller",2,0.97,9
USR-0600,0.17,15.0,8,Documentary,1,0.29,24
USR-0601,59.95,81.0,35,"Action, Thriller",2,0.61,2
USR-0602,35.53,147.0,19,"Sci-Fi, Thriller",2,0.61,3
USR-0603,45.09,111.4,12,"Sci-Fi, Thriller",3,0.78,0
USR-0604,36.78,88.7,39,"Action, Thriller",1,0.41,3
USR-0605,15.2,30.6,28,Comedy,1,0.33,26
USR-0606,2.05,21.7,4,Animation,1,0.18,40
USR-0607,49.42,66.6,58,"Sci-Fi, Horror, Romance",3,0.37,0
USR-0608,32.62,62.5,47,"Comedy, Drama, Horror",3,0.54,1
USR-0609,3.71,14.8,1,Drama,1,0.33,30
USR-0610,8.78,28.3,38,Animation,1,0.39,1
USR-0611,8.24,21.6,15,Romance,1,0.35,5
USR-0612,7.06,24.0,33,Romance,2,0.2,10
USR-0613,67.42,96.7,49,"Action, Thriller",2,0.55,2
USR-0614,46.93,93.3,21,"Action, Thriller",2,0.4,0
USR-0615,35.0,128.8,20,"Drama, Sci-Fi",2,0.88,9
USR-0616,13.52,21.5,19,Comedy,1,0.46,2
USR-0617,46.76,68.5,36,"Action, Thriller",3,0.51,3
USR-0618,44.17,104.2,23,"Action, Thriller",3,0.57,0
USR-0619,16.32,30.7,30,Comedy,1,0.46,5
USR-0620,15.04,29.8,19,Romance,2,0.39,8
USR-0621,11.58,21.2,32,Romance,1,0.34,3
USR-0622,3.96,16.7,6,Romance,1,0.36,32
USR-0623,70.45,71.8,38,"Action, Thriller",3,0.38,12
USR-0624,13.56,28.7,44,Romance,2,0.35,14
USR-0625,38.72,93.3,39,"Action, Thriller",1,0.52,5
USR-0626,14.39,12.9,29,Comedy,2,0.32,14
USR-0627,61.89,88.1,27,"Action, Thriller",2,0.42,0
USR-0628,54.25,97.4,40,"Action, Thriller",2,0.4,3
USR-0629,32.33,79.7,34,"Animation, Horror, Documentary",3,0.63,0
USR-0630,50.89,106.0,21,"Sci-Fi, Thriller",2,0.76,5
USR-0631,60.58,44.5,46,"Action, Thriller, Comedy",3,0.49,1
USR-0632,2.31,16.1,5,Animation,1,0.49,25
USR-0633,34.11,110.8,24,Drama,2,0.93,9
USR-0634,0.5,16.5,4,Comedy,1,0.29,56
USR-0635,54.41,97.3,36,"Action, Thriller",2,0.49,0
USR-0636,11.29,19.5,25,Romance,1,0.38,9
USR-0637,36.04,66.4,38,"Documentary, Action, Drama",3,0.44,0
USR-0638,66.67,88.3,44,"Action, Thriller",3,0.48,0
USR-0639,47.42,107.2,21,"Drama, Sci-Fi",3,0.78,2
USR-0640,8.46,26.0,32,Comedy,2,0.34,9
USR-0641,11.49,23.6,29,Romance,1,0.42,2
USR-0642,31.66,80.8,35,"Animation, Action, Thriller, Sci-Fi, Documentary",5,0.49,1
USR-0643,5.6,13.8,4,Comedy,1,0.23,51
USR-0644,48.92,77.3,32,"Action, Thriller",3,0.4,1
USR-0645,40.88,117.3,30,"Action, Thriller",1,0.53,0
USR-0646,63.71,92.1,44,"Action, Thriller",2,0.45,3
USR-0647,35.4,98.4,16,"Sci-Fi, Thriller",2,0.82,1
USR-0648,66.57,95.4,25,"Action, Thriller",3,0.29,5
USR-0649,43.36,115.9,21,"Sci-Fi, Thriller",3,0.72,1
USR-0650,7.89,22.1,33,Animation,2,0.38,13
USR-0651,68.19,57.3,45,"Romance, Sci-Fi, Action, Horror",4,0.46,1
USR-0652,46.72,108.5,13,"Drama, Sci-Fi",2,0.83,0
USR-0653,55.05,132.3,20,"Drama, Sci-Fi",2,0.76,0
USR-0654,19.83,63.4,24,"Sci-Fi, Thriller",3,0.81,0
USR-0655,47.94,149.3,23,"Sci-Fi, Thriller",3,0.76,3
USR-0656,29.25,122.5,16,"Drama, Sci-Fi",2,0.78,0
USR-0657,11.82,21.1,26,Animation,1,0.34,2
USR-0658,44.8,98.9,24,"Drama, Sci-Fi",3,0.72,0
USR-0659,12.09,19.3,27,"Comedy, Romance",1,0.32,9
USR-0660,33.26,105.1,16,"Sci-Fi, Thriller",3,0.67,1
USR-0661,42.33,106.0,32,"Action, Thriller",3,0.56,3
USR-0662,47.89,125.3,15,"Drama, Sci-Fi",2,0.83,11
USR-0663,11.63,34.3,30,"Comedy, Romance",1,0.4,24
USR-0664,31.28,106.3,36,"Action, Thriller",2,0.45,2
USR-0665,12.49,21.7,30,Comedy,1,0.34,4
USR-0666,55.42,120.0,34,"Action, Thriller",1,0.61,3
USR-0667,58.49,104.4,28,"Action, Thriller",2,0.45,0
USR-0668,4.6,66.9,39,"Drama, Documentary, Thriller, Action",4,0.55,3
USR-0669,52.17,83.9,30,"Action, Thriller",2,0.48,1
USR-0670,57.26,46.0,52,"Romance, Thriller, Drama, Horror",4,0.38,1
USR-0671,68.85,87.7,28,"Action, Thriller",1,0.46,1
USR-0672,13.81,11.9,36,"Comedy, Romance",1,0.39,4
USR-0673,43.25,82.5,43,"Documentary, Sci-Fi, Action",3,0.25,7
USR-0674,51.08,60.3,42,"Romance, Thriller, Action",3,0.35,6
USR-0675,8.56,20.1,37,Romance,1,0.32,7
USR-0676,32.93,88.6,35,"Action, Thriller",3,0.46,2
USR-0677,14.22,30.8,30,Animation,1,0.3,16
USR-0678,54.65,70.1,40,"Action, Thriller",2,0.43,0
USR-0679,48.69,96.3,22,"Sci-Fi, Thriller",2,0.85,0
USR-0680,17.4,21.1,23,Romance,1,0.36,7
USR-0681,19.46,167.1,21,"Sci-Fi, Thriller",2,0.76,2
USR-0682,41.1,132.3,16,"Sci-Fi, Thriller",2,0.8,4
USR-0683,54.01,121.5,39,"Action, Thriller",1,0.48,1
USR-0684,78.17,102.9,31,"Action, Thriller",2,0.26,1
USR-0685,57.21,104.8,44,"Action, Thriller",2,0.36,2
USR-0686,38.27,81.1,33,"Action, Thriller",1,0.41,0
USR-0687,43.53,95.5,35,"Action, Thriller",1,0.5,6
USR-0688,15.47,20.4,27,Romance,1,0.43,0
USR-0689,10.98,19.2,35,Comedy,1,0.28,5
USR-0690,28.27,85.3,17,Drama,3,0.9,0
USR-0691,2.22,24.6,6,Drama,1,0.27,40
USR-0692,7.95,14.0,37,Animation,1,0.24,5
USR-0693,45.87,148.3,22,"Sci-Fi, Thriller",2,0.76,2
USR-0694,68.16,57.1,47,"Action, Thriller",3,0.56,0
USR-0695,52.79,92.8,38,"Action, Thriller",1,0.45,1
USR-0696,45.87,115.9,20,"Sci-Fi, Thriller",3,0.74,5
USR-0697,50.71,126.5,26,Drama,2,0.82,1
USR-0698,8.59,25.4,34,Romance,2,0.26,2
USR-0699,43.43,77.5,47,"Sci-Fi, Thriller, Comedy, Action",4,0.45,1
USR-0700,16.35,26.9,27,Romance,1,0.45,2
USR-0701,3.85,26.2,4,Animation,1,0.26,48
USR-0702,11.47,20.4,39,Comedy,1,0.28,4
USR-0703,63.54,136.7,41,"Action, Thriller",1,0.37,0
USR-0704,8.08,20.0,36,Animation,2,0.48,12
USR-0705,71.55,54.0,49,"Romance, Sci-Fi, Drama, Documentary",4,0.44,0
USR-0706,11.26,15.4,41,Animation,1,0.23,4
USR-0707,57.46,101.1,38,"Action, Thriller",2,0.33,2
USR-0708,46.03,122.2,22,Drama,2,0.73,2
USR-0709,56.24,127.7,22,"Sci-Fi, Thriller",3,0.66,5
USR-0710,38.23,97.7,25,Drama,3,0.82,2
USR-0711,13.5,33.1,28,"Comedy, Romance",1,0.38,2
USR-0712,15.76,22.7,20,Romance,2,0.31,10
USR-0713,33.46,136.9,24,"Drama, Sci-Fi",2,0.66,11
USR-0714,56.53,41.7,47,"Comedy, Horror, Documentary",3,0.51,6
USR-0715,62.43,80.0,52,"Sci-Fi, Animation, Action, Romance",4,0.35,0
USR-0716,39.99,109.6,16,"Drama, Sci-Fi",2,0.81,0
USR-0717,15.56,18.3,23,Animation,2,0.36,9
USR-0718,71.86,86.4,51,"Action, Thriller",2,0.51,2
USR-0719,15.38,30.6,19,"Comedy, Romance",1,0.48,1
USR-0720,11.46,28.1,38,"Comedy, Romance",1,0.29,8
USR-0721,42.24,58.5,33,"Action, Thriller",1,0.54,2
USR-0722,3.29,18.2,2,Horror,1,0.39,31
USR-0723,17.39,29.3,29,Romance,1,0.2,1
USR-0724,42.05,80.9,46,"Documentary, Horror, Sci-Fi, Drama",4,0.64,1
USR-0725,65.03,111.8,35,"Action, Thriller",2,0.5,2
USR-0726,4.59,24.1,6,Action,1,0.12,32
USR-0727,7.89,19.7,31,Comedy,1,0.31,1
USR-0728,35.85,100.1,22,"Drama, Sci-Fi",2,0.94,5
USR-0729,6.97,23.9,29,Romance,2,0.36,2
USR-0730,15.97,26.1,29,Romance,1,0.29,8
USR-0731,9.04,17.3,31,Animation,2,0.26,9
USR-0732,10.68,21.9,28,Comedy,1,0.43,20
USR-0733,23.93,120.9,41,"Action, Thriller",3,0.39,4
USR-0734,57.37,78.4,36,"Action, Thriller",2,0.41,3
USR-0735,26.56,113.1,21,"Sci-Fi, Thriller",2,0.65,3
USR-0736,54.21,57.9,50,"Animation, Romance, Comedy, Thriller, Action",5,0.72,2
USR-0737,12.72,30.0,27,Romance,1,0.27,6
USR-0738,39.95,102.1,24,"Sci-Fi, Thriller",3,0.72,7
USR-0739,50.19,102.2,30,"Action, Thriller",2,0.38,0
USR-0740,10.35,20.6,18,Romance,1,0.55,11
USR-0741,17.18,22.2,33,"Comedy, Romance",1,0.22,0
USR-0742,59.33,104.5,37,"Action, Thriller",2,0.29,3
USR-0743,50.08,101.8,23,"Action, Thriller",2,0.32,0
USR-0744,57.48,48.8,47,"Horror, Sci-Fi, Animation, Documentary",4,0.66,0
USR-0745,49.22,69.0,37,"Action, Thriller",2,0.49,0
USR-0746,54.71,58.0,23,"Action, Thriller",1,0.42,0
USR-0747,42.86,102.2,54,"Action, Thriller",3,0.37,6
USR-0748,40.78,110.3,25,Drama,2,0.81,1
USR-0749,1.52,15.7,6,Comedy,1,0.26,55
USR-0750,13.64,21.7,31,Animation,1,0.47,36
USR-0751,23.9,106.1,10,Drama,2,0.84,13
USR-0752,46.31,89.1,47,"Action, Thriller",1,0.61,10
USR-0753,15.67,41.4,19,"Comedy, Romance",1,0.42,14
USR-0754,37.48,95.9,24,"Drama, Sci-Fi",2,0.73,3
USR-0755,73.13,58.0,22,"Action, Thriller",2,0.52,4
USR-0756,3.29,23.5,1,Sci-Fi,1,0.11,35
USR-0757,4.77,23.4,27,Animation,1,0.36,0
USR-0758,25.56,147.4,27,"Drama, Sci-Fi",3,0.81,2
USR-0759,16.29,20.7,27,Comedy,1,0.49,5
USR-0760,4.88,20.0,6,Comedy,1,0.37,52
USR-0761,62.92,73.9,40,"Action, Thriller",1,0.43,2
USR-0762,5.03,10.4,2,Romance,1,0.0,22
USR-0763,68.11,67.9,38,"Action, Thriller",2,0.42,0
USR-0764,0.16,19.6,2,Horror,1,0.19,58
USR-0765,12.83,20.7,33,Comedy,1,0.31,1
USR-0766,16.63,25.7,40,Comedy,2,0.33,18
USR-0767,15.86,24.9,23,Animation,1,0.17,13
USR-0768,47.68,135.2,13,"Sci-Fi, Thriller",3,0.73,2
USR-0769,9.21,19.3,25,Animation,1,0.24,0
USR-0770,45.54,67.9,65,"Documentary, Action, Horror",3,0.58,1
USR-0771,11.95,34.5,33,Comedy,1,0.29,0
USR-0772,62.79,84.7,38,"Action, Thriller",3,0.37,4
USR-0773,66.99,88.8,26,"Action, Thriller",2,0.63,1
USR-0774,18.96,20.7,22,Romance,1,0.33,0
USR-0775,3.22,34.6,32,Romance,1,0.4,7
USR-0776,8.47,32.9,26,Comedy,1,0.15,4
USR-0777,45.56,78.2,49,"Action, Thriller",3,0.54,1
USR-0778,45.05,132.5,13,Drama,3,0.68,0
USR-0779,43.64,97.2,23,"Sci-Fi, Thriller",3,0.73,6
USR-0780,34.22,119.8,19,Drama,3,0.81,1
USR-0781,26.64,162.7,17,"Drama, Sci-Fi",3,0.86,1
USR-0782,36.18,120.1,25,"Sci-Fi, Thriller",2,0.85,2
USR-0783,58.79,65.7,26,"Drama, Thriller, Sci-Fi, Animation",4,0.13,5
USR-0784,16.35,29.1,29,Animation,1,0.25,1
USR-0785,2.52,18.1,6,Sci-Fi,1,0.16,42
USR-0786,56.44,127.8,25,Drama,2,0.74,1
USR-0787,63.05,127.5,34,"Action, Thriller",2,0.47,1
USR-0788,41.75,72.5,38,"Action, Thriller",2,0.55,10
USR-0789,9.63,19.1,40,Romance,2,0.33,3
USR-0790,38.31,135.4,20,Drama,2,0.69,4
USR-0791,50.39,121.9,17,"Sci-Fi, Thriller",2,0.6,1
USR-0792,2.52,9.1,3,Romance,1,0.32,49
USR-0793,68.84,81.7,48,"Animation, Comedy, Sci-Fi, Action",4,0.44,2
USR-0794,64.44,81.6,12,"Action, Thriller",2,0.59,2
USR-0795,57.73,95.6,25,Drama,3,0.88,0
USR-0796,54.81,61.0,39,"Action, Horror, Romance",3,0.63,1
USR-0797,11.38,13.1,12,Romance,1,0.15,4
USR-0798,33.59,176.5,13,Drama,3,0.8,1
USR-0799,34.51,86.2,41,"Action, Thriller",3,0.59,0
USR-0800,2.87,8.6,8,Sci-Fi,1,0.2,51
USR-0801,9.86,20.5,20,"Comedy, Romance",1,0.35,0
USR-0802,55.32,86.0,34,"Action, Thriller",2,0.49,10
USR-0803,12.58,31.8,16,Animation,1,0.43,4
USR-0804,30.77,98.2,53,"Action, Thriller",3,0.39,3
USR-0805,12.35,18.8,33,Romance,1,0.39,2
USR-0806,6.68,34.8,24,Comedy,1,0.46,0
USR-0807,43.52,28.9,31,"Drama, Sci-Fi, Thriller, Romance",4,0.37,2
USR-0808,2.38,18.7,7,Horror,1,0.27,41
USR-0809,10.46,26.2,27,"Comedy, Romance",1,0.25,15
USR-0810,42.7,118.3,22,"Sci-Fi, Thriller",2,0.9,8
USR-0811,66.6,79.9,19,"Action, Thriller",2,0.48,0
USR-0812,3.16,16.4,6,Romance,1,0.24,29
USR-0813,26.79,111.2,22,"Drama, Sci-Fi",3,0.86,0
USR-0814,44.52,112.9,20,"Sci-Fi, Thriller",3,0.86,6
USR-0815,3.04,12.2,4,Action,1,0.4,40
USR-0816,5.5,10.0,29,Comedy,1,0.36,0
USR-0817,43.47,98.0,42,"Action, Thriller",2,0.55,0
USR-0818,27.63,111.1,16,"Drama, Sci-Fi",2,0.84,0
USR-0819,4.65,25.2,5,Horror,1,0.12,30
USR-0820,39.21,79.1,44,"Action, Thriller",2,0.56,4
USR-0821,74.0,83.7,50,"Animation, Comedy, Drama, Horror, Sci-Fi",5,0.46,0
USR-0822,32.56,77.3,46,"Action, Comedy, Documentary, Sci-Fi, Drama",5,0.45,1
USR-0823,4.21,19.6,16,"Comedy, Romance",1,0.37,2
USR-0824,57.92,82.9,39,"Action, Thriller",2,0.35,1
USR-0825,8.84,23.4,34,"Comedy, Romance",2,0.22,1
USR-0826,70.41,85.9,35,"Action, Thriller",3,0.57,0
USR-0827,56.28,92.4,47,"Action, Thriller",3,0.42,4
USR-0828,38.93,72.6,40,"Animation, Thriller, Sci-Fi, Action",4,0.56,0
USR-0829,2.88,19.0,4,Action,1,0.27,35
USR-0830,64.66,88.6,55,"Documentary, Drama, Comedy, Sci-Fi",4,0.44,0
USR-0831,20.14,54.9,43,"Sci-Fi, Animation, Romance, Documentary, Drama",5,0.37,3
USR-0832,34.65,104.6,22,"Drama, Sci-Fi",3,0.69,0
USR-0833,52.52,123.2,23,Drama,2,0.81,3
USR-0834,4.77,20.0,3,Horror,1,0.13,22
USR-0835,23.57,26.7,22,Animation,2,0.48,2
USR-0836,25.08,57.2,56,"Documentary, Drama, Romance, Horror",4,0.45,0
USR-0837,56.64,90.4,29,"Action, Thriller",3,0.53,3
USR-0838,5.6,13.1,9,Horror,1,0.16,27
USR-0839,17.47,25.8,33,"Comedy, Romance",1,0.47,2
USR-0840,16.0,22.1,33,Romance,1,0.26,5
USR-0841,58.52,72.0,38,"Action, Thriller",2,0.47,3
USR-0842,19.97,27.4,37,Animation,1,0.29,4
USR-0843,2.29,23.9,6,Documentary,1,0.12,46
USR-0844,65.36,92.6,44,"Action, Thriller",1,0.33,2
USR-0845,9.34,18.8,19,"Comedy, Romance",1,0.29,0
USR-0846,2.05,19.4,3,Romance,1,0.44,46
USR-0847,60.67,63.0,44,"Sci-Fi, Action, Documentary",3,0.7,5
USR-0848,56.95,74.1,33,"Action, Thriller",2,0.41,4
USR-0849,39.55,99.1,25,"Sci-Fi, Thriller",2,0.86,0
USR-0850,59.48,77.3,54,"Animation, Sci-Fi, Comedy",3,0.65,2
USR-0851,64.13,97.7,46,"Action, Thriller",1,0.4,1
USR-0852,3.01,19.7,5,Thriller,1,0.36,22
USR-0853,55.59,100.8,32,"Action, Thriller",1,0.69,4
USR-0854,28.75,98.1,18,Drama,3,0.84,4
USR-0855,7.71,32.8,32,Romance,1,0.48,11
USR-0856,11.96,23.7,23,Romance,1,0.16,0
USR-0857,3.4,17.8,6,Animation,1,0.26,24
USR-0858,56.86,107.3,26,"Sci-Fi, Thriller",2,0.79,0
USR-0859,51.26,54.2,39,"Romance, Sci-Fi, Thriller",3,0.53,0
USR-0860,70.8,86.6,35,"Action, Thriller",2,0.55,3
USR-0861,4.8,28.4,6,Horror,1,0.27,59
USR-0862,14.07,27.6,19,Romance,2,0.47,2
USR-0863,16.36,21.6,28,Romance,1,0.45,2
USR-0864,29.95,99.2,25,"Drama, Sci-Fi",2,0.78,3
USR-0865,10.55,16.4,35,Animation,1,0.44,13
USR-0866,34.07,103.9,18,"Sci-Fi, Thriller",2,0.91,0
USR-0867,63.7,96.7,33,"Action, Thriller",2,0.36,2
USR-0868,4.24,30.3,20,Romance,1,0.17,13
USR-0869,2.61,11.5,2,Sci-Fi,1,0.0,36
USR-0870,81.86,75.9,27,"Action, Thriller",3,0.6,2
USR-0871,11.76,20.5,30,Animation,2,0.47,0
USR-0872,3.48,13.8,6,Drama,1,0.17,39
USR-0873,6.28,22.1,26,Romance,1,0.31,0
USR-0874,23.11,93.7,18,Drama,2,0.7,3
USR-0875,36.75,82.5,54,"Thriller, Drama, Horror",3,0.53,2
USR-0876,88.59,98.2,49,"Action, Thriller",2,0.45,8
USR-0877,16.98,26.6,25,Comedy,1,0.33,13
USR-0878,23.0,118.7,20,Drama,3,0.88,5
USR-0879,11.65,23.7,33,"Comedy, Romance",1,0.29,14
USR-0880,9.47,25.3,23,Animation,1,0.39,0
USR-0881,7.42,18.2,23,Comedy,2,0.38,1
USR-0882,55.07,86.1,32,"Action, Sci-Fi, Horror, Comedy, Romance",5,0.4,0
USR-0883,28.34,131.9,23,"Sci-Fi, Thriller",3,0.89,0
USR-0884,60.35,127.2,18,"Sci-Fi, Thriller",3,0.82,3
USR-0885,15.55,34.6,26,Animation,2,0.32,5
USR-0886,56.36,92.8,42,"Action, Thriller",2,0.55,0
USR-0887,36.81,90.9,23,Drama,2,0.85,4
USR-0888,61.83,93.9,44,"Action, Thriller",3,0.66,2
USR-0889,16.13,18.7,22,Animation,1,0.46,17
USR-0890,53.02,106.2,24,Drama,2,0.71,4
USR-0891,55.51,28.2,28,"Documentary, Action, Drama, Horror",4,0.4,0
USR-0892,56.4,113.9,23,Drama,2,0.84,4
USR-0893,57.13,86.5,32,"Action, Thriller",3,0.4,1
USR-0894,1.61,17.4,4,Action,1,0.23,34
USR-0895,38.43,107.2,19,"Action, Thriller",3,0.32,0
USR-0896,63.09,81.7,29,"Action, Thriller",1,0.38,3
USR-0897,40.35,75.8,48,"Action, Thriller",2,0.49,8
USR-0898,4.85,14.9,5,Sci-Fi,1,0.3,46
USR-0899,6.15,11.1,5,Drama,1,0.31,23
USR-0900,79.69,68.4,30,"Action, Thriller",3,0.44,2
USR-0901,75.42,89.5,34,"Action, Thriller",2,0.61,10
USR-0902,24.1,106.7,15,"Sci-Fi, Thriller",2,0.86,1
USR-0903,43.3,103.7,18,"Drama, Sci-Fi",2,0.84,3
USR-0904,10.38,26.9,33,Comedy,1,0.2,2
USR-0905,66.59,110.4,38,"Action, Thriller",1,0.44,1
USR-0906,1.29,13.9,7,Animation,1,0.27,55
USR-0907,54.95,118.2,40,"Action, Thriller",2,0.63,2
USR-0908,55.33,144.3,16,Drama,3,0.74,1
USR-0909,49.72,81.1,35,"Action, Thriller",2,0.52,6
USR-0910,7.61,21.3,18,"Comedy, Romance",1,0.25,8
USR-0911,54.09,110.3,23,"Drama, Sci-Fi",2,0.79,0
USR-0912,30.15,104.9,57,"Action, Thriller",2,0.48,1
USR-0913,37.56,125.9,23,"Sci-Fi, Thriller",3,0.64,5
USR-0914,3.96,26.8,27,Comedy,2,0.25,11
USR-0915,44.73,104.4,11,"Drama, Sci-Fi",2,0.73,4
USR-0916,70.5,82.7,40,"Action, Thriller",2,0.54,0
USR-0917,2.43,13.9,4,Drama,1,0.03,20
USR-0918,53.05,88.4,14,"Sci-Fi, Thriller",2,0.9,0
USR-0919,33.83,71.7,33,"Thriller, Action, Sci-Fi",3,0.55,1
USR-0920,55.24,78.0,39,"Action, Thriller",2,0.5,3
USR-0921,60.81,98.3,42,"Action, Thriller",2,0.35,0
USR-0922,48.8,74.7,37,"Action, Thriller",2,0.18,0
USR-0923,36.35,113.5,40,"Action, Thriller",2,0.41,5
USR-0924,13.59,20.5,26,Romance,1,0.21,7
USR-0925,48.93,122.6,14,"Sci-Fi, Thriller",3,0.78,2
USR-0926,0.1,12.6,6,Documentary,1,0.33,20
USR-0927,55.29,63.9,44,"Documentary, Sci-Fi, Comedy",3,0.65,0
USR-0928,42.89,57.5,55,"Thriller, Comedy, Documentary, Horror",4,0.16,2
USR-0929,20.73,167.1,14,Drama,2,0.72,1
USR-0930,9.25,25.8,29,Romance,2,0.47,2
USR-0931,42.04,104.2,24,Drama,2,0.85,1
USR-0932,9.99,32.0,33,Comedy,1,0.3,4
USR-0933,26.46,92.9,37,"Action, Thriller",2,0.45,1
USR-0934,73.18,96.2,36,"Action, Thriller",2,0.34,0
USR-0935,50.28,78.6,28,"Action, Thriller",1,0.41,2
USR-0936,51.23,66.1,35,"Action, Thriller",2,0.44,0
USR-0937,43.26,117.0,39,"Action, Thriller",2,0.36,5
USR-0938,62.91,106.3,37,"Action, Thriller",2,0.38,8
USR-0939,39.77,113.0,34,"Action, Thriller",3,0.48,6
USR-0940,10.38,15.5,16,Romance,1,0.37,0
USR-0941,66.3,107.6,47,"Action, Thriller",1,0.46,1
USR-0942,11.23,19.4,27,Comedy,1,0.35,5
USR-0943,60.72,82.7,34,"Action, Thriller",3,0.34,0
USR-0944,3.02,18.7,3,Drama,1,0.11,32
USR-0945,15.1,26.1,22,Romance,1,0.29,13
USR-0946,51.76,73.4,21,"Action, Thriller",2,0.44,0
USR-0947,14.43,31.7,27,"Comedy, Romance",1,0.25,10
USR-0948,47.3,124.8,20,"Drama, Sci-Fi",2,0.77,0
USR-0949,65.24,108.5,33,"Action, Thriller",3,0.47,2
USR-0950,14.02,28.2,24,Animation,1,0.33,7
USR-0951,71.87,97.3,31,"Action, Thriller",3,0.49,3
USR-0952,89.1,49.6,27,"Thriller, Documentary, Action",3,0.45,2
USR-0953,48.93,87.3,42,"Action, Thriller",3,0.37,0
USR-0954,16.28,24.5,28,Animation,1,0.51,1
USR-0955,56.68,141.8,19,"Drama, Sci-Fi",3,0.75,2
USR-0956,39.68,120.7,8,Drama,2,0.71,2
USR-0957,37.47,73.3,48,"Action, Thriller",3,0.27,1
USR-0958,3.11,26.1,3,Horror,1,0.29,59
USR-0959,44.39,129.8,13,Drama,2,0.74,1
USR-0960,53.59,65.5,47,"Comedy, Drama, Romance, Action, Documentary",5,0.66,1
USR-0961,13.04,22.1,24,Animation,2,0.29,4
USR-0962,43.44,49.3,33,"Action, Thriller",3,0.54,1
USR-0963,2.86,18.1,10,Drama,1,0.37,22
USR-0964,13.77,20.5,21,"Comedy, Romance",2,0.36,30
USR-0965,70.45,51.4,63,"Drama, Horror, Romance, Animation, Sci-Fi",5,0.38,0
USR-0966,7.52,11.0,35,Romance,1,0.2,2
USR-0967,12.09,35.2,28,Romance,1,0.32,8
USR-0968,57.37,72.0,49,"Romance, Horror, Drama",3,0.47,2
USR-0969,44.36,117.8,37,"Action, Thriller",2,0.41,11
USR-0970,0.88,18.8,26,Animation,1,0.25,3
USR-0971,12.1,21.0,20,Animation,1,0.35,18
USR-0972,32.35,132.5,22,"Sci-Fi, Thriller",3,0.84,1
USR-0973,11.83,16.2,33,Romance,1,0.36,0
USR-0974,58.22,64.8,30,"Action, Thriller",2,0.45,3
USR-0975,10.68,21.5,24,Romance,2,0.47,2
USR-0976,29.12,171.2,28,"Drama, Sci-Fi",2,0.8,1
USR-0977,6.49,18.8,2,Animation,1,0.08,25
USR-0978,11.73,18.6,23,"Comedy, Romance",1,0.44,5
USR-0979,35.09,54.3,32,"Romance, Comedy, Thriller",3,0.51,0
USR-0980,42.16,36.2,51,"Action, Thriller, Drama, Sci-Fi",4,0.34,0
USR-0981,8.7,17.5,37,Romance,2,0.29,7
USR-0982,15.71,21.1,24,Comedy,2,0.47,1
USR-0983,50.73,73.1,39,"Documentary, Drama, Comedy",3,0.49,10
USR-0984,8.56,26.4,18,Romance,2,0.32,6
USR-0985,46.39,115.6,50,"Action, Thriller",2,0.54,7
USR-0986,51.68,79.9,24,"Action, Thriller",2,0.39,1
USR-0987,66.94,81.3,43,"Action, Thriller",2,0.54,1
USR-0988,64.23,82.1,34,"Action, Thriller",1,0.49,0
USR-0989,8.99,25.8,27,Comedy,1,0.4,0
USR-0990,16.31,25.5,23,Romance,2,0.38,9
USR-0991,43.67,71.1,44,"Comedy, Animation, Romance",3,0.4,2
USR-0992,16.44,26.8,23,Comedy,1,0.32,1
USR-0993,56.05,144.5,12,Drama,3,0.73,0
USR-0994,9.58,29.8,31,Comedy,1,0.3,6
USR-0995,4.36,29.6,34,Comedy,1,0.21,2
USR-0996,55.19,47.9,48,"Sci-Fi, Comedy, Documentary",3,0.52,1
USR-0997,11.47,20.3,16,Romance,1,0.41,3
USR-0998,15.08,29.4,41,"Comedy, Romance",1,0.26,3
USR-0999,3.51,24.2,3,Sci-Fi,1,0.15,39
USR-1000,6.94,25.3,38,Comedy,2,0.37,5
USR-1001,7.45,23.0,29,"Comedy, Romance",1,0.3,0
USR-1002,52.36,88.1,35,"Action, Thriller",2,0.42,6
USR-1003,12.7,13.4,34,Romance,1,0.15,0
USR-1004,43.51,77.7,31,"Action, Thriller",2,0.45,1
USR-1005,49.39,148.3,10,"Drama, Sci-Fi",2,0.66,2
USR-1006,40.23,132.5,20,"Sci-Fi, Thriller",3,0.9,23
USR-1007,14.08,24.0,21,Animation,2,0.45,13
USR-1008,49.42,27.8,28,"Animation, Thriller, Sci-Fi",3,0.47,1
USR-1009,15.31,29.2,32,Comedy,2,0.44,9
USR-1010,42.68,89.0,52,"Documentary, Romance, Action, Comedy",4,0.67,1
USR-1011,46.16,49.7,60,"Thriller, Horror, Action, Sci-Fi",4,0.51,3
USR-1012,57.42,91.5,55,"Action, Thriller",2,0.62,1
USR-1013,12.63,25.2,27,Comedy,2,0.45,22
USR-1014,56.79,89.3,48,"Horror, Drama, Documentary",3,0.52,1
USR-1015,37.86,79.6,13,"Sci-Fi, Thriller",2,0.94,0
USR-1016,41.6,117.8,29,"Action, Thriller",3,0.45,4
USR-1017,68.44,97.1,23,"Action, Thriller",2,0.55,0
USR-1018,13.36,15.7,21,Animation,2,0.28,13
USR-1019,43.8,75.0,40,"Action, Thriller",1,0.41,0
USR-1020,9.52,20.8,29,"Comedy, Romance",1,0.49,1
USR-1021,61.47,75.0,36,"Action, Thriller",2,0.45,1
USR-1022,2.83,24.3,7,Horror,1,0.28,53
USR-1023,63.63,117.3,34,"Action, Thriller",2,0.51,1
USR-1024,3.0,13.9,7,Romance,1,0.35,56
USR-1025,2.78,14.7,6,Animation,1,0.26,51
USR-1026,16.62,134.2,24,Drama,3,0.76,2
USR-1027,68.11,54.4,34,"Animation, Action, Thriller, Documentary, Sci-Fi",5,0.49,1
USR-1028,55.59,108.5,31,"Action, Thriller",2,0.4,0
USR-1029,17.05,25.8,37,Animation,1,0.28,10
USR-1030,9.36,21.9,25,Animation,2,0.38,3
USR-1031,14.17,21.1,29,Comedy,1,0.49,2
USR-1032,20.35,26.7,36,Comedy,2,0.27,7
USR-1033,17.24,25.3,30,"Comedy, Romance",2,0.45,3
USR-1034,90.32,100.9,53,"Action, Thriller",3,0.59,6
USR-1035,44.2,58.0,57,"Thriller, Horror, Documentary",3,0.5,2
USR-1036,42.09,136.5,27,Drama,2,0.8,1
USR-1037,42.96,120.0,16,"Sci-Fi, Thriller",3,0.79,0
USR-1038,1.25,10.4,5,Horror,1,0.39,34
USR-1039,43.34,95.9,14,"Drama, Sci-Fi",3,0.9,2
USR-1040,14.43,16.3,25,Romance,2,0.43,0
USR-1041,11.0,26.9,26,"Comedy, Romance",2,0.38,1
USR-1042,76.55,96.0,39,"Action, Thriller",2,0.5,2
USR-1043,15.81,27.1,45,Animation,1,0.32,14
USR-1044,4.5,32.1,34,"Comedy, Romance",2,0.36,7
USR-1045,12.54,20.7,25,"Comedy, Romance",1,0.38,0
USR-1046,44.24,44.5,39,"Action, Thriller",2,0.27,0
USR-1047,12.81,15.7,28,Comedy,2,0.21,0
USR-1048,62.58,85.3,44,"Action, Thriller",1,0.52,5
USR-1049,61.23,70.7,42,"Action, Thriller",1,0.66,0
USR-1050,5.03,11.9,8,Romance,1,0.35,25
USR-1051,18.0,20.2,28,"Comedy, Romance",2,0.33,2
USR-1052,20.45,19.8,26,"Comedy, Romance",1,0.31,7
USR-1053,51.1,56.3,25,"Comedy, Thriller, Horror, Documentary",4,0.27,3
USR-1054,9.56,27.2,24,Animation,2,0.26,26
USR-1055,40.18,60.3,41,"Animation, Sci-Fi, Documentary, Comedy",4,0.42,0
USR-1056,9.59,25.0,21,Animation,1,0.3,6
USR-1057,54.22,78.2,28,"Action, Thriller",3,0.47,11
USR-1058,9.37,25.8,33,Comedy,1,0.29,4
USR-1059,16.21,133.4,24,Drama,3,0.67,1
USR-1060,13.6,24.8,25,Romance,1,0.24,18
USR-1061,10.92,31.9,40,Animation,1,0.26,0
USR-1062,46.85,75.9,30,"Action, Thriller",1,0.49,1
USR-1063,17.09,23.9,29,Animation,2,0.29,7
USR-1064,59.29,120.9,25,"Drama, Sci-Fi",3,0.82,3
USR-1065,16.62,15.8,27,Animation,1,0.45,14
USR-1066,62.77,74.8,45,"Action, Thriller",1,0.36,0
USR-1067,53.63,98.2,32,"Action, Thriller",1,0.34,2
USR-1068,14.83,32.1,19,Romance,1,0.32,2
USR-1069,3.39,24.8,24,Comedy,1,0.21,10
USR-1070,28.14,87.7,30,"Action, Thriller",3,0.4,1
USR-1071,13.82,24.7,30,Romance,2,0.43,8
USR-1072,45.93,88.5,46,"Action, Thriller",2,0.38,1
USR-1073,29.15,112.7,16,Drama,3,0.83,1
USR-1074,50.59,76.2,50,"Romance, Thriller, Drama",3,0.57,3
USR-1075,3.52,8.2,6,Thriller,1,0.25,56
USR-1076,11.41,26.6,33,Animation,1,0.32,2
USR-1077,49.65,134.1,29,"Drama, Sci-Fi",3,0.77,2
USR-1078,12.17,18.1,23,Animation,1,0.6,0
USR-1079,12.88,32.8,17,Romance,1,0.31,0
USR-1080,13.25,20.4,34,Romance,1,0.28,1
USR-1081,53.72,122.8,16,Drama,3,0.85,2
USR-1082,1.27,18.0,6,Animation,1,0.07,25
USR-1083,12.79,21.1,25,Romance,2,0.38,9
USR-1084,48.27,82.1,33,"Action, Thriller",2,0.62,4
USR-1085,50.32,91.8,22,Drama,3,0.87,6
USR-1086,8.95,23.2,37,"Comedy, Romance",2,0.35,1
USR-1087,57.35,81.0,42,"Action, Thriller",2,0.58,1
USR-1088,45.59,39.0,39,"Thriller, Romance, Horror",3,0.59,0
USR-1089,13.49,26.0,37,"Comedy, Romance",1,0.37,0
USR-1090,56.06,87.9,31,"Action, Thriller",2,0.46,3
USR-1091,45.3,72.3,41,"Drama, Documentary, Thriller",3,0.44,0
USR-1092,11.08,25.3,32,Romance,1,0.23,10
USR-1093,4.2,26.2,1,Sci-Fi,1,0.16,45
USR-1094,39.24,142.5,20,"Drama, Sci-Fi",3,0.88,4
USR-1095,15.28,19.5,30,Romance,1,0.38,12
USR-1096,45.79,130.7,21,"Drama, Sci-Fi",2,0.74,4
USR-1097,3.16,14.8,4,Comedy,1,0.42,42
USR-1098,12.78,23.9,32,"Comedy, Romance",2,0.35,9
USR-1099,37.9,118.5,24,"Sci-Fi, Thriller",2,0.74,1
USR-1100,45.45,92.9,33,"Action, Thriller",2,0.39,2
USR-1101,4.11,30.8,32,"Comedy, Romance",1,0.38,5
USR-1102,62.57,101.5,23,"Action, Thriller",3,0.49,4
USR-1103,2.04,20.6,26,Animation,2,0.41,0
USR-1104,43.0,122.9,21,"Action, Thriller",3,0.4,2
USR-1105,31.08,121.4,16,"Sci-Fi, Thriller",3,0.77,0
USR-1106,33.55,74.1,34,"Documentary, Thriller, Sci-Fi, Drama",4,0.47,0
USR-1107,70.28,78.1,41,"Action, Thriller",2,0.57,2
USR-1108,68.65,102.0,34,"Drama, Sci-Fi",2,0.77,0
USR-1109,15.13,13.7,31,Romance,1,0.4,12
USR-1110,0.88,24.5,1,Documentary,1,0.38,58
USR-1111,38.88,89.7,14,Drama,2,0.89,1
USR-1112,11.25,26.0,27,"Comedy, Romance",1,0.41,9
USR-1113,57.2,94.5,33,"Action, Thriller",3,0.5,1
USR-1114,64.38,105.2,32,"Action, Thriller",1,0.7,2
USR-1115,4.1,35.1,28,Animation,1,0.39,16
USR-1116,46.73,97.0,45,"Action, Thriller",1,0.57,12
USR-1117,52.19,76.1,52,"Comedy, Drama, Horror",3,0.46,0
USR-1118,29.79,118.4,18,Drama,3,0.79,6
USR-1119,11.24,30.1,14,Comedy,1,0.59,12
USR-1120,5.6,19.4,5,Romance,1,0.11,55
USR-1121,37.48,107.2,20,"Sci-Fi, Thriller",2,0.71,0
USR-1122,5.03,28.5,4,Romance,1,0.57,44
USR-1123,54.92,110.3,16,"Drama, Sci-Fi",3,0.74,13
USR-1124,8.4,18.6,29,Animation,1,0.18,27
USR-1125,8.05,29.3,28,Animation,1,0.18,4
USR-1126,26.29,133.9,25,Drama,2,0.86,5
USR-1127,60.51,85.6,32,"Action, Thriller",3,0.47,2
USR-1128,70.95,78.6,37,"Horror, Action, Drama",3,0.77,1
USR-1129,46.78,133.4,25,"Drama, Sci-Fi",3,0.8,1
USR-1130,6.23,22.4,29,Comedy,1,0.33,11
USR-1131,55.62,26.6,45,"Thriller, Documentary, Drama, Sci-Fi, Animation",5,0.49,1
USR-1132,50.02,112.5,46,"Action, Thriller",2,0.53,1
USR-1133,17.94,17.1,35,"Comedy, Romance",1,0.35,3
USR-1134,55.21,83.8,30,"Action, Thriller",2,0.48,4
USR-1135,1.24,21.9,6,Animation,1,0.49,32
USR-1136,10.31,22.1,24,"Comedy, Romance",1,0.4,4
USR-1137,57.39,69.6,45,"Romance, Thriller, Sci-Fi",3,0.73,4
USR-1138,60.29,113.6,12,"Drama, Sci-Fi",2,0.94,7
USR-1139,13.44,33.0,23,Comedy,1,0.46,3
USR-1140,3.55,25.5,28,Comedy,1,0.53,10
USR-1141,3.99,17.3,5,Romance,1,0.22,27
USR-1142,43.9,73.8,49,"Action, Thriller",3,0.46,0
USR-1143,4.68,15.5,7,Thriller,1,0.33,39
USR-1144,48.12,91.6,45,"Action, Thriller",2,0.49,17
USR-1145,15.19,32.1,25,Animation,1,0.37,2
USR-1146,44.19,119.7,18,"Sci-Fi, Thriller",2,0.87,5
USR-1147,36.28,44.0,47,"Animation, Action, Romance",3,0.45,4
USR-1148,62.23,87.7,47,"Action, Thriller",1,0.24,4
USR-1149,9.45,29.7,36,"Comedy, Romance",1,0.31,3
USR-1150,68.01,89.6,40,"Action, Thriller",1,0.62,3
USR-1151,46.74,101.8,20,"Action, Thriller",3,0.35,0
USR-1152,44.36,104.8,19,"Sci-Fi, Thriller",3,0.87,2
USR-1153,18.98,29.3,23,Romance,1,0.34,10
USR-1154,62.36,112.4,22,"Action, Thriller",2,0.34,1
USR-1155,10.95,26.3,28,Animation,1,0.4,41
USR-1156,12.22,17.0,31,Comedy,2,0.41,7
USR-1157,10.9,26.5,31,Animation,2,0.17,5
USR-1158,33.61,121.3,20,"Drama, Sci-Fi",3,0.93,3
USR-1159,7.25,34.9,29,Animation,1,0.48,1
USR-1160,38.43,76.1,48,"Romance, Action, Thriller",3,0.48,1
USR-1161,50.99,106.5,17,Drama,3,0.87,1
USR-1162,16.98,30.1,20,"Comedy, Romance",1,0.15,8
USR-1163,60.8,50.2,61,"Documentary, Animation, Thriller",3,0.38,0
USR-1164,9.26,22.3,20,Animation,1,0.38,5
USR-1165,1.36,8.5,7,Comedy,1,0.17,37
USR-1166,44.8,137.9,19,"Sci-Fi, Thriller",2,0.68,0
USR-1167,6.86,20.5,34,Animation,1,0.42,6
USR-1168,59.72,96.3,25,"Action, Thriller",1,0.46,4
USR-1169,29.89,141.7,28,"Sci-Fi, Thriller",2,0.81,0
USR-1170,67.32,80.5,22,"Action, Thriller",2,0.23,3
USR-1171,12.61,18.9,24,Animation,1,0.16,2
USR-1172,36.26,129.8,20,Drama,3,0.85,2
USR-1173,13.83,33.8,28,"Comedy, Romance",1,0.29,0
USR-1174,4.84,19.8,3,Drama,1,0.11,46
USR-1175,25.18,119.4,24,Drama,2,0.62,3
USR-1176,30.31,120.5,17,"Sci-Fi, Thriller",2,0.86,12
USR-1177,64.46,96.9,40,"Action, Thriller",2,0.44,2
USR-1178,34.42,44.7,46,"Romance, Drama, Thriller",3,0.48,0
USR-1179,55.89,91.5,38,"Action, Thriller",2,0.4,1
USR-1180,13.72,29.6,41,Romance,1,0.45,5
USR-1181,53.25,96.0,39,"Action, Thriller",2,0.43,9
USR-1182,67.82,71.3,32,"Action, Thriller",3,0.5,2
USR-1183,29.5,57.9,42,"Thriller, Drama, Romance, Documentary",4,0.5,0
USR-1184,19.45,32.5,18,Romance,1,0.27,22
USR-1185,15.25,30.0,30,Comedy,1,0.19,2
USR-1186,16.05,18.2,13,Animation,1,0.17,19
USR-1187,51.27,82.5,51,"Drama, Action, Sci-Fi, Documentary, Romance",5,0.48,4
USR-1188,7.77,26.6,24,"Comedy, Romance",1,0.38,9
USR-1189,63.7,77.9,49,"Action, Thriller",2,0.4,9
USR-1190,37.59,103.0,22,"Sci-Fi, Thriller",2,0.77,0
USR-1191,57.64,92.7,30,"Action, Thriller",1,0.49,0
USR-1192,52.9,88.6,43,"Action, Thriller",2,0.41,3
USR-1193,39.61,106.7,30,"Action, Thriller",3,0.49,0
USR-1194,12.41,28.5,30,Romance,1,0.34,4
USR-1195,35.9,88.8,37,"Animation, Romance, Drama, Comedy, Thriller",5,0.24,3
USR-1196,69.03,63.6,44,"Animation, Horror, Romance",3,0.36,1
USR-1197,77.95,70.1,50,"Action, Thriller",1,0.53,3
USR-1198,45.66,108.2,34,"Action, Thriller",2,0.45,3
USR-1199,61.43,108.1,20,"Action, Thriller",2,0.56,2
USR-1200,9.63,35.6,24,Romance,1,0.29,11
USR-1201,51.24,46.2,33,"Action, Thriller",2,0.25,1
USR-1202,27.14,132.7,5,"Drama, Sci-Fi",3,0.83,4
USR-1203,40.95,102.2,26,"Action, Thriller",2,0.63,8
USR-1204,34.84,123.7,17,Drama,2,0.73,4
USR-1205,56.94,90.5,48,"Romance, Action, Documentary, Thriller",4,0.58,2
USR-1206,12.33,32.1,25,Animation,2,0.32,5
USR-1207,49.16,56.6,58,"Sci-Fi, Thriller, Documentary, Romance",4,0.44,3
USR-1208,40.01,106.5,27,"Drama, Sci-Fi",2,0.69,3
USR-1209,42.5,114.2,22,"Drama, Sci-Fi",2,0.81,4
USR-1210,10.0,28.1,31,"Comedy, Romance",1,0.23,0
USR-1211,23.81,132.6,18,Drama,3,0.84,2
USR-1212,2.81,14.0,1,Sci-Fi,1,0.44,40
USR-1213,39.04,116.0,17,"Drama, Sci-Fi",2,0.88,2
USR-1214,60.49,120.2,34,"Action, Thriller",2,0.6,0
USR-1215,37.35,94.5,16,"Sci-Fi, Thriller",3,0.87,0
USR-1216,84.56,88.4,42,"Action, Thriller",2,0.35,1
USR-1217,45.52,100.4,32,"Action, Thriller",2,0.57,6
USR-1218,30.78,56.9,41,"Drama, Animation, Action, Documentary, Horror",5,0.68,0
USR-1219,14.87,23.4,29,"Comedy, Romance",1,0.18,14
USR-1220,70.64,53.4,56,"Action, Animation, Documentary, Romance",4,0.52,0
USR-1221,3.39,15.6,4,Drama,1,0.1,26
USR-1222,2.48,21.6,2,Horror,1,0.38,42
USR-1223,18.52,19.9,18,Romance,1,0.4,6
USR-1224,63.28,64.1,51,"Sci-Fi, Comedy, Action, Horror, Animation",5,0.48,1
USR-1225,12.97,16.0,26,Romance,2,0.32,2
USR-1226,51.13,73.3,43,"Animation, Thriller, Drama, Action, Romance",5,0.58,0
USR-1227,35.42,63.9,44,"Animation, Action, Romance",3,0.73,5
USR-1228,42.46,117.2,21,Drama,2,0.92,11
USR-1229,11.6,13.2,24,Comedy,1,0.4,1
USR-1230,50.89,86.3,24,"Drama, Sci-Fi",2,0.87,5
USR-1231,40.76,99.7,33,"Action, Thriller",2,0.4,2
USR-1232,17.61,23.4,28,Animation,1,0.32,11
USR-1233,1.4,10.3,7,Sci-Fi,1,0.37,38
USR-1234,51.37,59.7,56,"Romance, Action, Animation",3,0.6,9
USR-1235,53.4,83.8,49,"Action, Thriller",1,0.33,6
USR-1236,16.52,24.4,27,"Comedy, Romance",2,0.41,18
USR-1237,10.5,34.4,23,Animation,1,0.42,0
USR-1238,67.0,85.1,45,"Action, Horror, Sci-Fi",3,0.61,0
USR-1239,15.22,17.7,35,Romance,2,0.29,1
USR-1240,18.39,58.6,45,"Sci-Fi, Horror, Action, Romance, Animation",5,0.47,2
USR-1241,31.84,96.9,22,"Sci-Fi, Thriller",2,0.85,0
USR-1242,44.6,89.6,38,"Action, Thriller",3,0.53,3
USR-1243,6.2,23.8,5,Drama,1,0.27,27
USR-1244,20.34,143.1,14,"Sci-Fi, Thriller",3,0.74,4
USR-1245,35.47,140.4,20,"Sci-Fi, Thriller",2,0.75,5
USR-1246,49.69,36.2,56,"Animation, Documentary, Action",3,0.55,0
USR-1247,13.74,20.6,25,Animation,1,0.36,0
USR-1248,63.62,88.2,30,"Action, Thriller",1,0.28,2
USR-1249,30.7,99.1,13,Drama,3,0.93,0
USR-1250,40.45,92.7,25,"Sci-Fi, Thriller",3,0.81,0
USR-1251,4.95,31.0,21,Romance,1,0.42,3
USR-1252,12.7,31.9,31,"Comedy, Romance",1,0.38,16
USR-1253,50.82,111.2,17,"Drama, Sci-Fi",2,0.79,1
USR-1254,6.67,27.6,34,"Comedy, Romance",1,0.21,1
USR-1255,43.28,92.4,31,"Action, Thriller",2,0.37,2
USR-1256,36.9,78.1,37,"Animation, Horror, Action, Sci-Fi",4,0.27,3
USR-1257,15.52,21.9,23,Romance,1,0.18,1
USR-1258,13.75,20.5,9,Romance,1,0.43,12
USR-1259,31.58,127.5,26,"Drama, Sci-Fi",2,0.85,1
USR-1260,53.26,95.2,27,"Action, Thriller",3,0.44,0
USR-1261,37.49,72.7,26,"Action, Romance, Sci-Fi, Thriller, Horror",5,0.58,4
USR-1262,10.91,23.2,26,Comedy,2,0.45,3
USR-1263,38.45,118.8,23,Drama,3,0.74,2
USR-1264,3.94,16.9,4,Sci-Fi,1,0.46,38
USR-1265,24.61,116.3,18,"Drama, Sci-Fi",2,0.69,0
USR-1266,26.64,98.5,13,Drama,2,0.96,0
USR-1267,69.01,113.8,29,"Action, Thriller",2,0.53,3
USR-1268,7.37,25.9,34,Romance,1,0.34,13
USR-1269,49.96,119.4,17,"Sci-Fi, Thriller",2,0.86,0
USR-1270,34.59,79.0,33,"Action, Thriller",2,0.52,2
USR-1271,52.71,122.3,16,Drama,2,0.78,2
USR-1272,57.07,90.7,45,"Action, Thriller",2,0.44,2
USR-1273,3.33,19.5,5,Comedy,1,0.0,58
USR-1274,57.89,129.4,27,Drama,3,0.76,0
USR-1275,39.29,113.3,11,"Sci-Fi, Thriller",2,0.74,0
USR-1276,30.48,88.0,21,"Drama, Sci-Fi",2,0.79,4
USR-1277,76.01,81.3,38,"Action, Thriller",2,0.33,1
USR-1278,25.63,87.4,65,"Thriller, Action, Romance, Documentary, Animation",5,0.69,5
USR-1279,36.19,126.3,21,Drama,2,0.79,1
USR-1280,4.05,16.3,2,Romance,1,0.44,34
USR-1281,54.8,99.8,54,"Action, Thriller",1,0.46,8
USR-1282,7.3,22.8,35,Comedy,2,0.3,13
USR-1283,41.19,105.4,17,Drama,3,0.82,0
USR-1284,58.29,84.5,25,"Action, Thriller",2,0.38,3
USR-1285,8.77,32.3,22,Romance,1,0.34,4
USR-1286,14.73,25.1,31,"Comedy, Romance",2,0.36,12
USR-1287,12.6,34.6,23,"Comedy, Romance",1,0.24,13
USR-1288,14.29,22.7,35,Comedy,1,0.32,6
USR-1289,56.4,92.2,49,"Action, Thriller",2,0.47,0
USR-1290,0.36,21.3,7,Documentary,1,0.0,34
USR-1291,23.65,121.3,24,Drama,3,0.77,2
USR-1292,30.44,50.0,47,"Horror, Comedy, Drama, Sci-Fi",4,0.54,0
USR-1293,62.55,94.9,39,"Action, Thriller",1,0.47,0
USR-1294,51.24,68.7,39,"Thriller, Action, Drama, Sci-Fi",4,0.64,1
USR-1295,11.64,34.7,22,Romance,1,0.17,0
USR-1296,60.24,102.0,39,"Action, Thriller",1,0.5,5
USR-1297,11.73,23.3,39,Romance,2,0.38,3
USR-1298,42.47,137.7,12,Drama,3,0.73,3
USR-1299,39.36,83.0,57,"Comedy, Sci-Fi, Horror, Documentary, Animation",5,0.53,9
USR-1300,7.16,23.1,29,"Comedy, Romance",1,0.25,1
USR-1301,33.78,90.3,34,"Action, Thriller",1,0.52,3
USR-1302,6.82,30.4,36,Romance,2,0.39,0
USR-1303,54.28,88.9,35,"Action, Thriller",2,0.5,12
USR-1304,27.39,144.3,26,Drama,2,0.66,0
USR-1305,83.66,111.7,23,"Action, Thriller",2,0.38,0
USR-1306,9.56,27.9,32,"Comedy, Romance",1,0.43,5
USR-1307,14.44,20.4,22,Comedy,1,0.42,16
USR-1308,56.53,59.6,60,"Comedy, Documentary, Thriller",3,0.47,0
USR-1309,49.45,85.4,44,"Action, Thriller",2,0.46,0
USR-1310,17.52,25.2,39,Romance,2,0.36,14
USR-1311,59.74,107.2,23,"Drama, Sci-Fi",2,0.83,6
USR-1312,2.6,19.6,2,Horror,1,0.17,59
USR-1313,34.72,125.5,24,"Sci-Fi, Thriller",3,0.87,6
USR-1314,67.94,88.7,33,"Action, Thriller",1,0.3,1
USR-1315,38.77,68.1,37,"Action, Thriller",1,0.39,0
USR-1316,49.61,83.9,35,"Action, Thriller",2,0.29,0
USR-1317,55.07,61.6,37,"Action, Romance, Drama, Sci-Fi, Comedy",5,0.73,0
USR-1318,71.7,86.8,35,"Action, Thriller",2,0.45,0
USR-1319,38.02,122.7,24,Drama,2,0.82,1
USR-1320,45.21,75.9,17,"Sci-Fi, Thriller",2,0.91,6
USR-1321,42.47,69.6,59,"Documentary, Animation, Romance, Drama, Horror",5,0.67,4
USR-1322,7.87,24.5,27,Romance,1,0.41,7
USR-1323,54.97,74.0,24,"Action, Thriller",1,0.35,6
USR-1324,56.87,106.2,23,"Sci-Fi, Thriller",2,0.86,0
USR-1325,13.77,29.3,29,Romance,2,0.44,14
USR-1326,3.96,15.6,3,Horror,1,0.35,27
USR-1327,50.83,115.0,41,"Action, Thriller",2,0.41,2
USR-1328,45.66,139.2,9,"Drama, Sci-Fi",3,0.72,2
USR-1329,44.28,89.5,32,"Action, Thriller",3,0.4,7
USR-1330,30.86,51.6,62,"Romance, Animation, Action, Documentary",4,0.55,6
USR-1331,10.14,30.1,29,"Comedy, Romance",1,0.21,3
USR-1332,24.21,113.0,23,"Drama, Sci-Fi",3,0.83,0
USR-1333,59.58,63.4,27,"Thriller, Action, Comedy",3,0.47,1
USR-1334,2.06,26.0,6,Comedy,1,0.32,21
USR-1335,3.57,17.2,7,Documentary,1,0.05,47
USR-1336,54.58,122.6,17,"Drama, Sci-Fi",2,0.85,0
USR-1337,16.87,18.9,34,"Comedy, Romance",1,0.41,0
USR-1338,23.29,161.8,20,"Sci-Fi, Thriller",2,0.64,12
USR-1339,54.17,87.8,40,"Action, Thriller",2,0.53,0
USR-1340,54.37,115.9,20,Drama,2,0.78,16
USR-1341,41.02,53.6,56,"Thriller, Comedy, Animation, Horror",4,0.34,0
USR-1342,58.48,139.8,19,Drama,3,0.86,7
USR-1343,2.44,18.9,33,"Comedy, Romance",1,0.33,4
USR-1344,40.81,111.2,9,"Sci-Fi, Thriller",3,0.86,0
USR-1345,35.82,84.2,40,"Action, Thriller",2,0.58,1
USR-1346,36.17,138.0,23,"Sci-Fi, Thriller",3,0.78,2
USR-1347,15.28,22.2,23,Comedy,2,0.45,21
USR-1348,50.48,70.5,42,"Thriller, Action, Romance, Sci-Fi",4,0.54,1
USR-1349,38.16,126.7,31,"Drama, Sci-Fi",2,0.74,0
USR-1350,69.66,79.4,28,"Action, Thriller",3,0.47,2
USR-1351,1.52,20.6,9,Action,1,0.19,51
USR-1352,32.94,155.0,17,Drama,2,0.85,6
USR-1353,23.27,87.9,49,"Documentary, Animation, Drama, Horror",4,0.65,0
USR-1354,36.19,128.1,10,Drama,2,0.69,0
USR-1355,12.5,30.8,23,Animation,2,0.34,7
USR-1356,39.62,53.5,44,"Drama, Comedy, Sci-Fi",3,0.64,4
USR-1357,58.28,78.9,52,"Documentary, Horror, Sci-Fi, Romance, Thriller",5,0.33,2
USR-1358,48.42,86.7,46,"Action, Thriller",2,0.44,1
USR-1359,34.59,95.6,37,"Action, Thriller",1,0.46,0
USR-1360,10.82,29.2,27,"Comedy, Romance",2,0.33,7
USR-1361,41.99,107.8,39,"Action, Thriller",2,0.46,13
USR-1362,36.21,89.1,18,"Drama, Sci-Fi",2,0.93,1
USR-1363,29.97,144.4,27,"Drama, Sci-Fi",3,0.75,1
USR-1364,5.33,21.1,32,Comedy,1,0.43,3
USR-1365,71.88,45.3,42,"Thriller, Documentary, Horror, Sci-Fi",4,0.53,0
USR-1366,10.91,14.0,23,Comedy,2,0.17,6
USR-1367,26.55,98.5,14,Drama,2,0.85,2
USR-1368,2.12,19.0,6,Documentary,1,0.01,56
USR-1369,56.24,90.4,28,"Action, Thriller",1,0.42,2
USR-1370,53.96,51.0,33,"Romance, Horror, Thriller",3,0.35,0
USR-1371,35.65,132.5,22,"Sci-Fi, Thriller",3,0.64,5
USR-1372,73.28,87.0,44,"Action, Thriller",1,0.31,2
USR-1373,49.51,105.7,41,"Action, Thriller",1,0.4,1
USR-1374,13.92,23.5,29,"Comedy, Romance",1,0.53,9
USR-1375,59.24,65.3,32,"Action, Thriller",3,0.45,6
USR-1376,45.56,121.0,21,"Drama, Sci-Fi",3,0.76,1
USR-1377,41.25,95.8,23,Drama,3,0.73,1
USR-1378,9.98,22.0,38,Animation,2,0.42,7
USR-1379,50.52,50.7,39,"Romance, Sci-Fi, Documentary",3,0.65,1
USR-1380,5.64,27.4,27,"Comedy, Romance",2,0.41,2
USR-1381,12.13,18.4,30,Comedy,1,0.24,4
USR-1382,1.37,23.5,5,Romance,1,0.31,42
USR-1383,19.99,77.7,47,"Action, Comedy, Sci-Fi, Romance",4,0.45,3
USR-1384,5.12,31.5,34,Animation,2,0.27,7
USR-1385,16.89,18.1,21,Animation,1,0.29,4
USR-1386,26.55,42.9,44,"Sci-Fi, Thriller, Action, Horror, Drama",5,0.46,3
USR-1387,39.36,48.5,60,"Horror, Animation, Romance, Action, Drama",5,0.53,0
USR-1388,6.36,20.4,22,Animation,1,0.21,4
USR-1389,5.84,11.2,2,Comedy,1,0.51,53
USR-1390,1.32,14.3,5,Sci-Fi,1,0.23,43
USR-1391,30.43,137.3,23,"Sci-Fi, Thriller",2,0.79,0
USR-1392,50.97,147.6,19,"Drama, Sci-Fi",2,0.89,0
USR-1393,4.45,10.9,7,Drama,1,0.31,51
USR-1394,62.85,94.3,45,"Action, Thriller",2,0.4,0
USR-1395,39.41,120.9,21,"Drama, Sci-Fi",2,0.72,0
USR-1396,37.88,105.2,20,"Sci-Fi, Thriller",3,0.75,11
USR-1397,43.12,137.2,13,"Sci-Fi, Thriller",2,0.65,1
USR-1398,14.66,28.6,25,Animation,1,0.56,3
USR-1399,78.75,49.5,41,"Drama, Thriller, Horror, Documentary",4,0.56,0
USR-1400,59.7,74.5,40,"Action, Thriller",3,0.49,0
USR-1401,9.23,17.4,28,Romance,1,0.43,2
USR-1402,35.01,114.5,18,"Drama, Sci-Fi",3,0.77,2
USR-1403,56.74,102.0,14,"Sci-Fi, Thriller",2,0.66,4
USR-1404,1.21,16.0,4,Comedy,1,0.0,29
USR-1405,40.18,115.5,16,"Sci-Fi, Thriller",3,0.87,2
USR-1406,11.6,25.6,18,Romance,1,0.34,6
USR-1407,69.37,78.4,43,"Action, Thriller",2,0.37,0
USR-1408,33.96,149.2,20,"Sci-Fi, Thriller",3,0.68,0
USR-1409,58.87,90.0,20,"Drama, Sci-Fi",3,0.94,0
USR-1410,10.76,18.9,33,"Comedy, Romance",1,0.26,9
USR-1411,45.04,109.2,10,"Sci-Fi, Thriller",2,0.76,4
USR-1412,8.61,25.3,30,Comedy,2,0.46,16
USR-1413,42.62,144.7,14,Drama,2,0.74,4
USR-1414,3.18,21.6,5,Action,1,0.18,27
USR-1415,43.16,61.8,37,"Comedy, Romance, Animation",3,0.57,3
USR-1416,52.08,144.5,8,Drama,2,0.82,3
USR-1417,8.54,18.4,30,Comedy,1,0.31,1
USR-1418,2.17,19.1,27,Romance,1,0.51,6
USR-1419,54.42,86.8,43,"Action, Thriller",2,0.56,3
USR-1420,11.12,40.1,31,Comedy,1,0.27,7
USR-1421,9.31,25.5,26,"Comedy, Romance",1,0.36,6
USR-1422,47.05,50.2,51,"Comedy, Animation, Romance, Horror, Drama",5,0.67,8
USR-1423,10.49,17.1,20,Romance,1,0.4,18
USR-1424,44.73,85.9,26,"Action, Thriller",2,0.4,1
USR-1425,14.5,26.4,20,"Comedy, Romance",1,0.31,1
USR-1426,56.18,65.8,44,"Comedy, Thriller, Romance, Animation",4,0.36,0
USR-1427,33.49,112.9,24,"Drama, Sci-Fi",3,0.83,2
USR-1428,18.08,25.7,21,Animation,2,0.3,3
USR-1429,39.96,93.3,35,"Action, Thriller",2,0.5,7
USR-1430,29.18,99.1,25,Drama,2,0.8,0
USR-1431,39.67,73.8,36,"Action, Thriller",1,0.66,11
USR-1432,11.94,19.1,36,Comedy,1,0.54,7
USR-1433,5.18,28.7,36,Romance,1,0.3,3
USR-1434,40.1,106.2,18,"Sci-Fi, Thriller",3,0.83,1
USR-1435,38.82,119.5,18,"Drama, Sci-Fi",2,0.74,6
USR-1436,16.99,17.4,30,Romance,1,0.52,5
USR-1437,4.41,21.2,2,Horror,1,0.35,53
USR-1438,27.0,126.3,18,"Drama, Sci-Fi",2,0.81,2
USR-1439,59.3,81.0,44,"Action, Thriller",2,0.7,11
USR-1440,60.97,73.9,37,"Action, Thriller",2,0.35,10
USR-1441,67.55,77.6,49,"Horror, Animation, Thriller, Sci-Fi, Drama",5,0.37,1
USR-1442,44.98,55.5,55,"Documentary, Comedy, Thriller, Sci-Fi",4,0.42,0
USR-1443,54.88,94.2,50,"Action, Thriller",2,0.57,5
USR-1444,60.7,85.0,38,"Action, Thriller",3,0.57,3
USR-1445,51.67,106.9,34,"Action, Thriller",2,0.44,9
USR-1446,13.57,15.6,31,Animation,1,0.43,5
USR-1447,47.96,78.7,27,"Action, Thriller",2,0.31,0
USR-1448,60.12,119.8,51,"Action, Thriller",3,0.36,1
USR-1449,58.88,100.7,21,"Sci-Fi, Thriller",3,0.7,0
USR-1450,0.19,21.6,4,Documentary,1,0.1,29
USR-1451,28.13,114.2,22,"Drama, Sci-Fi",2,0.74,3
USR-1452,48.32,122.4,15,"Drama, Sci-Fi",3,0.93,11
USR-1453,66.04,73.6,28,"Action, Thriller",1,0.32,5
USR-1454,60.3,56.7,37,"Thriller, Comedy, Drama, Animation",4,0.47,3
USR-1455,45.76,100.3,27,"Action, Thriller",3,0.26,4
USR-1456,16.84,26.4,27,Romance,1,0.31,6
USR-1457,14.0,13.1,25,Romance,2,0.36,4
USR-1458,12.71,24.0,32,Comedy,1,0.33,1
USR-1459,57.68,99.8,16,"Sci-Fi, Thriller",3,0.68,3
USR-1460,10.42,18.7,31,Animation,1,0.37,0
USR-1461,11.31,24.1,42,Animation,1,0.44,5
USR-1462,60.45,66.2,46,"Romance, Comedy, Action, Sci-Fi",4,0.42,0
USR-1463,15.53,37.6,33,"Comedy, Romance",1,0.16,4
USR-1464,42.1,80.7,46,"Romance, Thriller, Documentary, Drama",4,0.41,0
USR-1465,37.02,107.7,12,Drama,3,0.8,7
USR-1466,60.12,103.0,31,"Action, Thriller",3,0.4,0
USR-1467,16.43,17.5,25,"Comedy, Romance",1,0.45,0
USR-1468,55.38,40.0,36,"Horror, Sci-Fi, Romance, Drama",4,0.37,5
USR-1469,67.66,104.2,25,"Action, Thriller",1,0.58,2
USR-1470,10.28,35.1,20,Romance,2,0.25,12
USR-1471,53.99,83.1,30,"Action, Thriller",2,0.4,0
USR-1472,41.85,93.2,19,"Sci-Fi, Thriller",2,0.82,0
USR-1473,30.06,143.1,29,"Drama, Sci-Fi",3,0.83,0
USR-1474,8.43,12.4,31,"Comedy, Romance",2,0.41,3
USR-1475,12.77,15.6,28,Romance,1,0.25,7
USR-1476,4.63,16.1,6,Horror,1,0.0,28
USR-1477,13.53,31.6,31,Romance,1,0.57,0
USR-1478,68.66,102.3,32,"Action, Thriller",1,0.41,1
USR-1479,74.83,83.3,25,"Action, Thriller",2,0.55,7
USR-1480,15.08,14.0,32,"Comedy, Romance",2,0.23,1
USR-1481,16.52,25.2,37,"Comedy, Romance",2,0.3,17
USR-1482,9.44,16.6,17,Comedy,1,0.4,4
USR-1483,3.91,16.0,2,Thriller,1,0.12,36
USR-1484,65.84,77.2,54,"Sci-Fi, Romance, Drama, Thriller",4,0.78,3
USR-1485,3.56,7.7,3,Action,1,0.28,32
USR-1486,44.65,96.9,14,"Drama, Sci-Fi",3,0.74,5
USR-1487,33.83,145.8,16,Drama,3,0.93,1
USR-1488,8.63,17.4,32,"Comedy, Romance",1,0.38,21
USR-1489,46.81,139.6,20,"Drama, Sci-Fi",3,0.94,5
USR-1490,3.84,15.7,6,Thriller,1,0.31,50
USR-1491,62.68,74.8,23,"Action, Thriller",3,0.48,0
USR-1492,10.11,17.4,16,Romance,1,0.34,3
USR-1493,41.82,125.9,21,"Drama, Sci-Fi",3,0.78,2
USR-1494,47.42,39.8,38,"Horror, Comedy, Romance, Thriller",4,0.52,0
USR-1495,61.03,92.2,57,"Horror, Animation, Action",3,0.51,0
USR-1496,12.99,23.8,20,Romance,1,0.38,0
USR-1497,41.26,116.4,20,"Sci-Fi, Thriller",2,0.82,2
USR-1498,5.94,14.6,6,Sci-Fi,1,0.31,35
USR-1499,2.63,14.2,3,Documentary,1,0.36,40
USR-1500,63.96,120.3,39,"Action, Thriller",2,0.47,1
USR-1501,50.98,95.8,31,"Action, Thriller",2,0.4,0
USR-1502,4.83,23.2,4,Horror,1,0.19,36
USR-1503,10.51,13.8,23,Animation,1,0.21,2
USR-1504,57.65,98.7,37,"Action, Thriller",1,0.51,8
USR-1505,36.9,60.3,55,"Romance, Comedy, Animation, Action",4,0.61,0
USR-1506,18.24,28.3,26,Animation,1,0.15,1
USR-1507,12.18,29.5,36,Animation,1,0.37,37
USR-1508,15.36,26.8,36,Romance,1,0.31,0
USR-1509,1.85,14.2,6,Documentary,1,0.23,26
USR-1510,66.13,114.1,30,"Action, Thriller",2,0.43,2
USR-1511,61.19,94.9,22,"Action, Thriller",2,0.5,6
USR-1512,6.52,20.8,29,Romance,1,0.46,3
USR-1513,17.02,32.5,30,Romance,1,0.41,1
USR-1514,38.9,101.0,8,"Sci-Fi, Thriller",3,0.79,4
USR-1515,9.89,36.4,40,"Comedy, Romance",1,0.49,8
USR-1516,15.43,22.4,24,"Comedy, Romance",1,0.3,4
USR-1517,23.61,58.2,42,"Thriller, Sci-Fi, Romance, Action",4,0.44,1
USR-1518,8.89,15.9,34,Comedy,1,0.35,10
USR-1519,46.44,93.4,34,"Action, Thriller",2,0.47,0
USR-1520,4.5,22.4,1,Comedy,1,0.24,42
USR-1521,41.62,85.8,32,"Action, Thriller",1,0.48,0
USR-1522,33.3,140.7,19,"Drama, Sci-Fi",2,0.73,0
USR-1523,2.22,20.6,3,Drama,1,0.08,30
USR-1524,52.35,74.0,33,"Action, Thriller",1,0.35,3
USR-1525,74.79,72.9,46,"Action, Documentary, Romance, Comedy",4,0.57,2
USR-1526,36.11,58.5,44,"Drama, Animation, Sci-Fi, Romance, Comedy",5,0.39,0
USR-1527,41.44,64.8,36,"Documentary, Thriller, Romance",3,0.68,5
USR-1528,17.59,27.0,22,Comedy,2,0.26,10
USR-1529,1.13,20.3,6,Comedy,1,0.12,52
USR-1530,67.98,63.1,42,"Action, Thriller, Horror",3,0.38,3
USR-1531,11.3,25.9,25,"Comedy, Romance",2,0.46,3
USR-1532,39.4,87.5,8,"Drama, Sci-Fi",2,0.74,3
USR-1533,30.21,116.5,21,"Drama, Sci-Fi",2,0.77,15
USR-1534,2.58,17.6,6,Animation,1,0.33,38
USR-1535,12.99,25.3,26,Comedy,1,0.3,2
USR-1536,17.44,25.3,29,Romance,2,0.37,9
USR-1537,33.55,135.9,16,"Sci-Fi, Thriller",2,0.98,2
USR-1538,24.49,123.1,15,Drama,2,0.72,2
USR-1539,37.24,111.1,21,"Sci-Fi, Thriller",2,0.85,0
USR-1540,15.32,18.3,31,"Comedy, Romance",1,0.38,6
USR-1541,64.03,81.2,43,"Action, Thriller",2,0.49,1
USR-1542,3.85,15.8,5,Sci-Fi,1,0.09,24
USR-1543,8.99,32.1,31,Animation,1,0.33,0
USR-1544,57.19,73.1,20,"Action, Thriller",3,0.56,0
USR-1545,1.23,20.2,7,Horror,1,0.36,54
USR-1546,49.14,86.0,29,"Action, Thriller",3,0.38,0
USR-1547,15.77,25.5,26,Comedy,1,0.28,4
USR-1548,6.54,37.8,31,Romance,2,0.23,5
USR-1549,73.62,94.0,36,"Action, Thriller",1,0.47,2
USR-1550,8.49,19.1,27,Animation,2,0.39,0
USR-1551,35.53,121.4,16,"Drama, Sci-Fi",3,0.73,2
USR-1552,0.1,17.7,4,Drama,1,0.27,46
USR-1553,17.78,15.0,30,Comedy,2,0.35,9
USR-1554,32.72,114.0,28,Drama,3,0.94,0
USR-1555,35.79,45.4,49,"Thriller, Comedy, Horror",3,0.33,1
USR-1556,43.83,71.8,59,"Drama, Sci-Fi, Animation",3,0.55,3
USR-1557,52.02,52.5,57,"Documentary, Comedy, Sci-Fi",3,0.64,3
USR-1558,10.59,32.3,28,"Comedy, Romance",1,0.4,15
USR-1559,11.11,17.2,29,Comedy,1,0.19,2
USR-1560,3.56,13.0,3,Drama,1,0.29,45
USR-1561,7.99,27.2,33,Comedy,1,0.26,0
USR-1562,11.53,27.9,30,"Comedy, Romance",1,0.34,5
USR-1563,39.37,129.1,11,"Sci-Fi, Thriller",2,0.7,1
USR-1564,55.64,38.5,52,"Action, Documentary, Comedy, Romance",4,0.43,0
USR-1565,9.85,23.9,21,Comedy,1,0.5,1
USR-1566,2.58,9.7,4,Romance,1,0.02,21
USR-1567,7.11,10.1,21,"Comedy, Romance",1,0.46,2
USR-1568,58.96,98.3,23,"Action, Thriller",2,0.48,2
USR-1569,47.86,118.7,21,"Sci-Fi, Thriller",3,0.77,8
USR-1570,36.38,123.6,3,Drama,2,0.76,1
USR-1571,57.33,86.5,35,"Action, Thriller",3,0.34,0
USR-1572,3.42,18.3,3,Documentary,1,0.0,37
USR-1573,7.34,36.1,27,Animation,2,0.28,0
USR-1574,26.5,131.8,12,Drama,3,0.82,5
USR-1575,55.09,81.7,56,"Thriller, Action, Animation",3,0.48,4
USR-1576,10.1,21.1,39,"Comedy, Romance",2,0.34,27
USR-1577,42.58,139.6,25,"Sci-Fi, Thriller",2,0.89,0
USR-1578,41.93,117.1,19,"Sci-Fi, Thriller",2,0.81,6
USR-1579,44.98,82.1,41,"Horror, Thriller, Animation, Sci-Fi",4,0.53,3
USR-1580,13.7,27.6,26,"Comedy, Romance",1,0.4,12
USR-1581,76.22,94.9,30,"Action, Thriller",3,0.4,1
USR-1582,11.68,23.0,31,Comedy,1,0.4,1
USR-1583,72.25,89.2,42,"Action, Thriller",2,0.47,3
USR-1584,58.7,110.0,16,Drama,2,0.86,1
USR-1585,12.75,15.8,34,Comedy,1,0.42,7
USR-1586,53.78,70.0,27,"Action, Thriller",1,0.49,0
USR-1587,48.72,69.5,28,"Action, Thriller",2,0.64,3
USR-1588,55.64,87.0,36,"Action, Thriller",3,0.45,1
USR-1589,8.79,22.2,26,Animation,2,0.31,10
USR-1590,11.96,21.6,33,Romance,1,0.47,3
USR-1591,44.07,85.0,21,"Action, Thriller",2,0.42,0
USR-1592,15.63,27.4,27,"Comedy, Romance",2,0.27,10
USR-1593,9.9,31.1,28,Animation,1,0.33,0
USR-1594,0.5,21.6,5,Horror,1,0.21,56
USR-1595,4.51,13.5,6,Documentary,1,0.34,20
USR-1596,50.76,65.6,52,"Thriller, Documentary, Drama",3,0.35,1
USR-1597,57.79,81.8,47,"Action, Thriller",1,0.39,2
USR-1598,12.28,20.9,33,Comedy,1,0.56,7
USR-1599,70.95,81.2,28,"Action, Thriller",3,0.46,6
USR-1600,70.96,76.7,50,"Action, Thriller",2,0.38,1
USR-1601,12.95,23.5,21,"Comedy, Romance",2,0.18,36
USR-1602,55.13,72.5,26,"Action, Thriller",3,0.5,2
USR-1603,18.64,32.5,24,Romance,1,0.33,29
USR-1604,14.42,23.3,19,Comedy,1,0.39,0
USR-1605,19.8,25.9,26,Comedy,1,0.24,5
USR-1606,46.27,87.7,31,"Action, Thriller",3,0.44,0
USR-1607,13.52,28.4,23,Romance,2,0.5,7
USR-1608,36.95,82.6,54,"Comedy, Sci-Fi, Romance",3,0.37,2
USR-1609,48.49,69.3,34,"Action, Thriller",2,0.32,9
USR-1610,10.93,27.1,14,Comedy,1,0.34,4
USR-1611,35.32,154.3,21,"Drama, Sci-Fi",3,0.72,3
USR-1612,38.66,108.0,36,"Action, Thriller",2,0.51,1
USR-1613,52.49,33.9,56,"Horror, Romance, Drama, Documentary, Thriller",5,0.6,0
USR-1614,25.15,24.2,26,Comedy,2,0.36,9
USR-1615,29.19,109.4,26,"Drama, Sci-Fi",3,0.71,2
USR-1616,55.61,100.4,31,"Action, Thriller",2,0.54,12
USR-1617,10.5,22.1,24,Animation,1,0.35,32
USR-1618,46.67,56.6,47,"Thriller, Action, Romance, Comedy",4,0.63,1
USR-1619,51.32,80.7,30,"Action, Thriller",2,0.28,0
USR-1620,4.09,31.0,4,Sci-Fi,1,0.21,34
USR-1621,51.35,99.7,48,"Action, Thriller",1,0.53,1
USR-1622,12.52,22.7,22,Animation,1,0.29,8
USR-1623,34.14,103.7,28,"Sci-Fi, Thriller",3,0.74,0
USR-1624,15.55,23.3,28,Animation,1,0.35,12
USR-1625,12.89,16.1,36,"Comedy, Romance",2,0.26,0
USR-1626,25.9,128.1,20,"Action, Thriller",3,0.4,0
USR-1627,7.28,23.0,26,Romance,2,0.39,0
USR-1628,55.98,54.9,54,"Horror, Sci-Fi, Thriller, Documentary",4,0.47,0
USR-1629,55.31,57.1,34,"Drama, Action, Thriller, Horror",4,0.57,1
USR-1630,40.13,137.3,11,"Sci-Fi, Thriller",3,1.0,13
USR-1631,41.74,149.9,16,Drama,2,0.79,1
USR-1632,37.36,105.3,21,"Drama, Sci-Fi",3,0.79,0
USR-1633,83.96,112.8,25,"Action, Thriller",2,0.47,4
USR-1634,4.49,20.2,31,"Comedy, Romance",1,0.37,3
USR-1635,8.2,25.7,28,"Comedy, Romance",1,0.21,1
USR-1636,61.31,99.9,20,"Action, Thriller",2,0.45,0
USR-1637,42.98,118.7,34,Drama,2,0.83,0
USR-1638,46.84,81.5,57,"Thriller, Documentary, Romance, Animation",4,0.51,6
USR-1639,30.22,113.9,22,"Drama, Sci-Fi",2,0.79,0
USR-1640,0.1,14.5,7,Documentary,1,0.41,53
USR-1641,10.51,17.5,17,Comedy,1,0.4,2
USR-1642,47.98,115.6,25,"Drama, Sci-Fi",2,0.73,1
USR-1643,8.04,23.3,39,"Comedy, Romance",1,0.36,18
USR-1644,7.19,30.3,37,Romance,1,0.28,9
USR-1645,41.14,79.9,25,"Action, Thriller",2,0.38,4
USR-1646,24.74,88.2,50,"Documentary, Comedy, Sci-Fi, Animation",4,0.59,1
USR-1647,41.04,45.4,36,"Documentary, Thriller, Romance, Animation",4,0.45,2
USR-1648,35.19,92.6,39,"Action, Thriller",2,0.4,0
USR-1649,22.96,141.1,18,Drama,2,0.78,8
USR-1650,12.94,28.2,22,Comedy,2,0.34,1
USR-1651,17.85,14.4,26,"Comedy, Romance",1,0.42,0
USR-1652,65.48,99.1,38,"Action, Thriller",1,0.15,0
USR-1653,18.67,26.8,18,Animation,1,0.5,7
USR-1654,20.21,25.6,37,Animation,1,0.53,5
USR-1655,11.72,29.4,26,Romance,1,0.25,16
USR-1656,12.84,28.6,21,"Comedy, Romance",1,0.49,1
USR-1657,44.24,84.2,21,"Action, Thriller",2,0.24,2
USR-1658,47.13,106.7,47,"Action, Thriller",3,0.52,5
USR-1659,40.7,71.0,22,"Drama, Sci-Fi",2,0.83,2
USR-1660,60.93,71.9,49,"Drama, Action, Thriller",3,0.46,3
USR-1661,10.31,19.6,38,Romance,1,0.11,10
USR-1662,14.58,29.2,33,Comedy,1,0.39,5
USR-1663,55.84,90.1,30,"Action, Thriller",2,0.46,1
USR-1664,51.3,95.5,34,"Action, Thriller",2,0.53,2
USR-1665,13.13,25.6,31,"Comedy, Romance",2,0.49,4
USR-1666,48.55,83.0,35,"Romance, Drama, Sci-Fi",3,0.57,1
USR-1667,15.37,17.1,28,Comedy,2,0.34,0
USR-1668,4.85,20.2,3,Action,1,0.0,55
USR-1669,4.62,12.5,4,Comedy,1,0.28,37
USR-1670,16.38,24.9,27,Romance,2,0.35,1
USR-1671,68.12,87.8,32,"Action, Thriller",2,0.37,0
USR-1672,59.43,80.8,22,"Drama, Action, Comedy, Romance, Animation",5,0.47,0
USR-1673,16.22,26.2,32,Romance,1,0.35,11
USR-1674,34.48,105.6,40,"Action, Thriller",2,0.33,1
USR-1675,20.7,118.3,29,"Sci-Fi, Thriller",2,0.85,0
USR-1676,67.93,92.7,48,"Action, Thriller",1,0.28,4
USR-1677,45.74,110.1,23,"Drama, Sci-Fi",2,0.82,0
USR-1678,11.41,19.2,20,"Comedy, Romance",1,0.29,4
USR-1679,30.42,52.3,35,"Drama, Romance, Documentary, Animation, Action",5,0.39,2
USR-1680,4.48,22.0,6,Action,1,0.32,34
USR-1681,12.29,112.1,12,"Drama, Sci-Fi",2,0.64,2
USR-1682,10.39,7.0,23,Comedy,1,0.3,14
USR-1683,17.6,24.5,26,Comedy,1,0.31,0
USR-1684,61.26,80.8,32,"Action, Thriller",2,0.45,1
USR-1685,13.05,16.3,22,Comedy,2,0.27,15
USR-1686,51.72,87.3,19,"Drama, Sci-Fi",2,0.78,2
USR-1687,40.71,70.6,56,"Drama, Animation, Action",3,0.51,5
USR-1688,4.54,15.6,6,Drama,1,0.28,59
USR-1689,2.71,22.6,3,Thriller,1,0.5,52
USR-1690,9.41,30.1,28,Animation,1,0.3,6
USR-1691,1.29,25.1,5,Sci-Fi,1,0.36,46
USR-1692,32.21,101.7,30,"Action, Thriller, Documentary, Comedy",4,0.61,1
USR-1693,9.31,33.2,12,Animation,1,0.31,1
USR-1694,5.9,33.5,33,Romance,2,0.12,8
USR-1695,62.25,58.1,55,"Comedy, Romance, Drama, Action, Documentary",5,0.63,3
USR-1696,3.82,28.8,16,"Comedy, Romance",2,0.27,8
USR-1697,64.11,78.2,46,"Action, Thriller",2,0.49,0
USR-1698,52.12,42.5,34,"Romance, Drama, Sci-Fi",3,0.55,4
USR-1699,16.5,20.6,27,Comedy,1,0.32,8
USR-1700,15.16,28.1,35,Animation,1,0.15,4
USR-1701,44.73,96.0,23,"Action, Thriller",2,0.47,2
USR-1702,20.13,23.5,29,Animation,1,0.35,13
USR-1703,13.85,18.0,27,Animation,1,0.55,3
USR-1704,16.41,31.2,29,Comedy,2,0.39,7
USR-1705,52.34,65.3,30,"Action, Thriller",3,0.54,7
USR-1706,16.69,21.9,39,Animation,1,0.38,4
USR-1707,31.09,75.3,56,"Sci-Fi, Thriller, Animation, Documentary, Comedy",5,0.48,0
USR-1708,50.55,88.1,27,"Action, Thriller",2,0.42,4
USR-1709,31.27,117.7,14,"Sci-Fi, Thriller",2,0.83,3
USR-1710,5.34,21.3,3,Drama,1,0.24,48
USR-1711,54.09,91.2,55,"Action, Thriller",2,0.49,1
USR-1712,9.6,14.0,33,Romance,1,0.15,5
USR-1713,52.08,95.4,30,"Action, Thriller",3,0.38,3
USR-1714,58.63,61.6,51,"Animation, Thriller, Drama, Sci-Fi",4,0.59,0
USR-1715,38.78,67.6,36,"Thriller, Animation, Drama, Romance",4,0.5,0
USR-1716,48.57,74.9,41,"Action, Thriller",2,0.46,3
USR-1717,14.64,33.3,19,Comedy,1,0.33,0
USR-1718,48.73,66.9,50,"Romance, Animation, Documentary, Drama",4,0.48,0
USR-1719,13.24,26.3,26,Romance,1,0.53,2
USR-1720,56.11,78.2,38,"Horror, Comedy, Action, Thriller",4,0.58,0
USR-1721,10.86,28.2,30,Romance,1,0.56,8
USR-1722,60.95,117.2,22,"Sci-Fi, Thriller",2,0.79,0
USR-1723,20.74,63.7,56,"Romance, Drama, Comedy",3,0.43,3
USR-1724,44.38,78.4,18,"Action, Thriller",1,0.47,1
USR-1725,62.08,67.8,40,"Documentary, Thriller, Comedy",3,0.45,4
USR-1726,15.85,27.1,28,Romance,1,0.39,0
USR-1727,68.52,114.0,42,"Action, Thriller",1,0.58,1
USR-1728,60.75,100.0,30,"Action, Thriller",3,0.34,2
USR-1729,36.26,54.8,51,"Animation, Drama, Romance",3,0.63,4
USR-1730,19.31,27.5,35,Romance,1,0.33,12
USR-1731,8.27,32.5,27,Comedy,1,0.59,4
USR-1732,1.68,26.5,5,Romance,1,0.19,26
USR-1733,7.61,28.6,34,Animation,2,0.12,12
USR-1734,64.08,79.1,41,"Action, Thriller",2,0.36,1
USR-1735,2.01,11.2,3,Animation,1,0.2,48
USR-1736,12.2,31.5,30,Animation,1,0.25,6
USR-1737,45.21,110.1,23,"Sci-Fi, Thriller",3,0.67,0
USR-1738,41.12,94.6,34,"Action, Thriller",2,0.48,0
USR-1739,15.74,38.0,23,"Comedy, Romance",1,0.44,2
USR-1740,13.82,29.6,27,Animation,1,0.59,0
USR-1741,4.06,17.7,4,Animation,1,0.1,23
USR-1742,5.0,14.1,3,Horror,1,0.23,55
USR-1743,10.25,29.1,30,Romance,1,0.5,9
USR-1744,45.2,75.3,22,"Action, Sci-Fi, Romance, Drama",4,0.51,2
USR-1745,2.48,28.3,6,Sci-Fi,1,0.43,37
USR-1746,53.05,77.9,47,"Action, Thriller",3,0.56,0
USR-1747,2.09,28.2,5,Action,1,0.35,31
USR-1748,44.66,97.5,24,"Sci-Fi, Thriller",2,0.97,0
USR-1749,62.93,93.5,32,"Action, Thriller",3,0.46,0
USR-1750,33.71,91.2,15,Drama,3,0.96,1
USR-1751,12.53,31.2,29,Comedy,1,0.33,1
USR-1752,11.93,18.6,31,Romance,1,0.18,0
USR-1753,47.57,85.5,15,"Drama, Sci-Fi",3,0.9,4
USR-1754,11.02,27.7,24,"Comedy, Romance",2,0.23,5
USR-1755,43.72,74.2,22,"Action, Thriller",1,0.49,3
USR-1756,7.75,24.2,29,Animation,1,0.49,4
USR-1757,80.36,52.6,32,"Drama, Documentary, Animation, Romance, Thriller",5,0.38,1
USR-1758,7.86,23.3,25,Comedy,1,0.28,4
USR-1759,55.5,93.4,38,"Action, Thriller",1,0.29,4
USR-1760,2.47,22.2,4,Romance,1,0.24,38
USR-1761,3.0,15.4,3,Action,1,0.17,39
USR-1762,11.65,24.4,32,"Comedy, Romance",2,0.16,6
USR-1763,18.53,19.4,26,Romance,1,0.3,6
USR-1764,6.59,29.0,25,"Comedy, Romance",1,0.35,12
USR-1765,14.03,15.5,31,"Comedy, Romance",1,0.41,2
USR-1766,4.77,27.7,27,"Comedy, Romance",2,0.34,0
USR-1767,11.64,23.1,24,Animation,2,0.28,8
USR-1768,10.67,21.4,25,Romance,1,0.32,4
USR-1769,30.55,47.9,48,"Drama, Romance, Action, Thriller",4,0.45,2
USR-1770,9.72,21.2,37,Comedy,1,0.32,3
USR-1771,40.2,135.1,23,"Sci-Fi, Thriller",2,0.84,0
USR-1772,35.91,139.4,22,"Sci-Fi, Thriller",3,0.93,1
USR-1773,63.39,133.8,22,"Sci-Fi, Thriller",3,0.79,0
USR-1774,49.5,123.3,21,Drama,2,0.94,2
USR-1775,26.97,96.4,34,"Action, Thriller",2,0.42,13
USR-1776,58.5,90.4,34,"Action, Thriller",2,0.5,0
USR-1777,12.1,33.3,34,Animation,1,0.44,1
USR-1778,2.82,14.4,5,Comedy,1,0.32,35
USR-1779,22.87,85.8,58,"Action, Documentary, Thriller, Comedy, Romance",5,0.34,1
USR-1780,46.32,129.6,16,"Drama, Sci-Fi",3,0.9,1
USR-1781,62.96,59.2,44,"Action, Thriller, Documentary",3,0.56,0
USR-1782,65.77,94.3,40,"Action, Thriller",2,0.25,1
USR-1783,1.66,16.4,4,Romance,1,0.08,45
USR-1784,4.03,10.1,3,Drama,1,0.49,37
USR-1785,12.38,17.8,36,Romance,1,0.54,0
USR-1786,43.37,34.6,41,"Thriller, Horror, Comedy, Romance, Documentary",5,0.37,5
USR-1787,56.4,89.3,33,"Action, Thriller",2,0.47,2
USR-1788,8.4,29.0,30,Comedy,2,0.25,0
USR-1789,23.37,76.7,39,"Action, Thriller",1,0.47,1
USR-1790,43.46,89.2,40,"Action, Thriller",2,0.55,6
USR-1791,5.97,26.7,6,Drama,1,0.0,22
USR-1792,13.15,33.9,19,"Comedy, Romance",1,0.47,3
USR-1793,52.29,64.8,64,"Drama, Animation, Sci-Fi",3,0.4,0
USR-1794,61.38,87.0,20,"Sci-Fi, Thriller",2,0.79,1
USR-1795,41.24,106.8,37,"Action, Thriller",2,0.51,2
USR-1796,57.2,99.3,35,"Action, Thriller",2,0.47,0
USR-1797,47.44,134.1,16,"Sci-Fi, Thriller",2,0.86,0
USR-1798,31.32,104.7,27,"Drama, Sci-Fi",2,0.67,8
USR-1799,56.26,83.0,35,"Action, Thriller",3,0.34,3
USR-1800,27.4,125.9,10,"Sci-Fi, Thriller",2,0.73,9
USR-1801,50.98,94.7,42,"Action, Thriller",2,0.35,0
USR-1802,5.52,16.3,10,Action,1,0.25,28
USR-1803,3.73,18.2,35,Animation,1,0.46,3
USR-1804,8.79,33.1,20,Comedy,2,0.23,4
USR-1805,50.39,75.9,50,"Action, Animation, Sci-Fi, Documentary",4,0.43,1
USR-1806,4.39,13.6,5,Animation,1,0.12,42
USR-1807,42.66,130.1,23,"Drama, Sci-Fi",3,0.93,15
USR-1808,37.8,71.2,50,"Documentary, Romance, Thriller",3,0.59,2
USR-1809,6.6,34.3,35,Animation,1,0.21,0
USR-1810,53.9,114.4,20,"Sci-Fi, Thriller",2,0.64,2
USR-1811,45.34,90.9,19,Drama,2,0.82,7
USR-1812,47.69,122.1,21,"Sci-Fi, Thriller",2,0.73,3
USR-1813,15.31,30.1,29,Romance,2,0.14,1
USR-1814,76.42,76.7,42,"Action, Thriller",2,0.45,1
USR-1815,0.67,14.9,5,Action,1,0.23,21
USR-1816,15.76,23.1,20,Comedy,1,0.31,9
USR-1817,8.71,24.0,25,Comedy,2,0.31,1
USR-1818,11.53,18.8,28,"Comedy, Romance",1,0.24,0
USR-1819,31.68,98.3,14,"Drama, Sci-Fi",2,0.83,13
USR-1820,11.28,30.0,37,Romance,1,0.26,4
USR-1821,44.46,70.7,44,"Drama, Action, Sci-Fi, Romance",4,0.33,0
USR-1822,13.52,25.8,24,Animation,1,0.49,2
USR-1823,57.18,117.4,25,"Action, Thriller",2,0.54,1
USR-1824,50.25,100.1,16,"Drama, Sci-Fi",3,0.86,4
USR-1825,30.62,152.0,12,"Sci-Fi, Thriller",3,0.75,1
USR-1826,53.92,78.9,31,"Action, Thriller",3,0.35,1
USR-1827,58.19,120.4,13,"Sci-Fi, Thriller",3,0.87,0
USR-1828,55.35,51.8,32,"Action, Drama, Thriller, Sci-Fi, Comedy",5,0.49,0
USR-1829,61.01,67.8,52,"Action, Animation, Horror, Comedy, Documentary",5,0.5,2
USR-1830,37.16,90.4,36,"Action, Thriller",3,0.38,1
USR-1831,41.34,128.1,15,"Sci-Fi, Thriller",3,0.84,1
USR-1832,27.48,158.5,16,Drama,2,0.7,0
USR-1833,53.09,105.2,33,"Action, Thriller",3,0.68,2
USR-1834,12.78,27.3,31,Animation,1,0.4,22
USR-1835,14.72,25.5,29,Animation,1,0.27,3
USR-1836,26.59,150.6,25,"Sci-Fi, Thriller",2,0.83,1
USR-1837,16.78,25.5,15,Romance,1,0.38,3
USR-1838,69.29,69.1,45,"Action, Thriller",2,0.46,0
USR-1839,48.93,90.2,68,"Sci-Fi, Drama, Documentary, Animation, Horror",5,0.56,0
USR-1840,8.92,28.1,17,"Comedy, Romance",1,0.37,7
USR-1841,62.41,59.4,39,"Comedy, Documentary, Horror, Romance",4,0.41,1
USR-1842,54.64,146.3,17,Drama,2,0.91,1
USR-1843,14.28,17.6,24,Romance,1,0.3,2
USR-1844,4.59,29.9,24,Romance,1,0.25,2
USR-1845,38.84,58.2,56,"Documentary, Comedy, Drama",3,0.3,0
USR-1846,30.78,119.5,21,"Drama, Sci-Fi",2,0.6,6
USR-1847,55.39,69.2,44,"Comedy, Animation, Documentary",3,0.35,0
USR-1848,54.29,85.9,57,"Action, Thriller",1,0.5,0
USR-1849,47.8,96.5,37,"Action, Thriller",2,0.54,0
USR-1850,42.89,130.6,25,"Drama, Sci-Fi",3,0.66,6
USR-1851,11.95,33.2,30,"Comedy, Romance",1,0.31,0
USR-1852,35.34,52.8,51,"Horror, Thriller, Drama, Romance, Documentary",5,0.3,0
USR-1853,42.81,74.7,34,"Action, Thriller",2,0.31,0
USR-1854,31.95,148.5,20,"Sci-Fi, Thriller",3,1.0,1
USR-1855,11.41,26.6,23,"Comedy, Romance",2,0.25,3
USR-1856,63.23,93.1,39,"Action, Thriller",2,0.4,4
USR-1857,17.95,19.4,26,Romance,2,0.42,17
USR-1858,16.99,26.0,35,Animation,1,0.64,0
USR-1859,52.29,108.2,36,"Action, Thriller",2,0.48,1
USR-1860,27.89,119.3,22,Drama,2,0.74,10
USR-1861,71.81,92.0,36,"Action, Thriller",2,0.3,4
USR-1862,53.1,137.3,9,"Sci-Fi, Thriller",2,0.87,2
USR-1863,0.48,11.8,3,Comedy,1,0.33,39
USR-1864,52.94,88.6,17,"Drama, Sci-Fi",2,0.81,0
USR-1865,30.21,99.8,18,"Sci-Fi, Thriller",2,0.76,4
USR-1866,52.38,68.6,44,"Thriller, Documentary, Action",3,0.56,4
USR-1867,11.22,25.2,25,"Comedy, Romance",2,0.33,3
USR-1868,62.95,105.5,34,"Action, Thriller",1,0.51,0
USR-1869,55.57,60.6,49,"Romance, Comedy, Action",3,0.54,2
USR-1870,46.53,86.9,30,"Action, Thriller",3,0.49,2
USR-1871,2.41,9.0,6,Horror,1,0.33,59
USR-1872,35.62,85.0,14,"Sci-Fi, Thriller",2,0.73,8
USR-1873,9.01,25.6,30,Animation,2,0.19,5
USR-1874,38.59,102.9,16,Drama,3,0.73,5
USR-1875,16.42,145.6,20,"Sci-Fi, Thriller",3,0.83,1
USR-1876,53.02,80.4,57,"Horror, Drama, Animation, Sci-Fi, Thriller",5,0.32,0
USR-1877,37.81,85.9,21,Drama,2,0.9,2
USR-1878,46.63,99.2,44,"Action, Thriller",3,0.5,1
USR-1879,75.64,66.2,40,"Drama, Thriller, Animation, Documentary, Comedy",5,0.38,0
USR-1880,8.07,27.0,27,Animation,1,0.39,1
USR-1881,52.3,80.6,36,"Action, Thriller",3,0.46,1
USR-1882,57.65,87.5,36,"Action, Thriller",2,0.53,4
USR-1883,45.26,138.6,12,Drama,2,0.82,1
USR-1884,53.22,67.5,49,"Action, Animation, Thriller",3,0.38,3
USR-1885,14.33,23.0,43,Comedy,1,0.2,13
USR-1886,38.87,126.3,21,Drama,3,0.69,8
USR-1887,3.85,18.7,28,Comedy,1,0.38,0
USR-1888,6.47,19.1,2,Sci-Fi,1,0.46,48
USR-1889,30.03,98.9,17,"Sci-Fi, Thriller",2,0.8,3
USR-1890,31.5,71.1,57,"Romance, Documentary, Animation, Comedy",4,0.52,1
USR-1891,43.18,137.1,14,Drama,3,0.76,0
USR-1892,48.22,122.8,14,"Drama, Sci-Fi",2,0.81,10
USR-1893,11.8,112.2,18,"Sci-Fi, Thriller",3,0.8,0
USR-1894,63.45,94.6,48,"Action, Thriller",3,0.67,4
USR-1895,58.55,34.6,29,"Romance, Comedy, Action",3,0.62,1
USR-1896,56.78,98.3,42,"Action, Thriller",2,0.57,0
USR-1897,11.63,28.3,29,Comedy,2,0.17,9
USR-1898,52.31,88.8,37,"Action, Thriller",2,0.48,1
USR-1899,64.95,103.9,36,"Action, Thriller",3,0.49,4
USR-1900,48.84,116.8,14,"Sci-Fi, Thriller",2,0.93,1
USR-1901,59.05,82.3,38,"Action, Thriller",2,0.4,1
USR-1902,16.55,26.2,24,Animation,1,0.33,31
USR-1903,5.67,20.8,6,Romance,1,0.38,58
USR-1904,50.0,127.8,25,"Drama, Sci-Fi",2,0.87,0
USR-1905,0.35,21.2,7,Animation,1,0.13,29
USR-1906,45.43,98.6,34,"Action, Thriller",1,0.38,10
USR-1907,37.05,113.7,10,"Drama, Sci-Fi",2,0.87,2
USR-1908,33.75,79.4,40,"Action, Thriller",3,0.5,3
USR-1909,7.92,20.7,25,Romance,1,0.21,2
USR-1910,7.87,18.7,26,Romance,1,0.26,0
USR-1911,71.41,72.5,26,"Drama, Comedy, Sci-Fi, Animation, Thriller",5,0.35,1
USR-1912,43.29,85.1,33,"Action, Thriller",2,0.56,0
USR-1913,60.3,84.1,36,"Action, Thriller",1,0.33,8
USR-1914,37.89,136.6,21,"Drama, Sci-Fi",3,0.83,5
USR-1915,35.43,92.9,20,"Drama, Sci-Fi",2,0.73,2
USR-1916,48.53,98.9,25,Drama,2,0.8,3
USR-1917,15.0,13.7,32,"Comedy, Romance",1,0.43,7
USR-1918,45.27,143.2,19,Drama,2,0.76,2
USR-1919,16.8,70.6,39,"Sci-Fi, Drama, Romance, Animation, Horror",5,0.32,0
USR-1920,11.62,14.8,13,Animation,2,0.21,5
USR-1921,9.62,29.3,28,Animation,1,0.45,0
USR-1922,43.44,51.2,18,"Sci-Fi, Animation, Thriller, Documentary",4,0.39,5
USR-1923,55.14,81.1,31,Drama,3,0.89,2
USR-1924,12.02,22.0,29,"Comedy, Romance",1,0.49,3
USR-1925,9.86,18.4,22,Animation,2,0.42,0
USR-1926,15.63,31.5,23,"Comedy, Romance",1,0.43,3
USR-1927,10.89,41.9,21,Romance,1,0.4,1
USR-1928,5.91,20.6,32,Comedy,1,0.29,9
USR-1929,8.7,22.5,22,Romance,1,0.43,0
USR-1930,48.0,108.3,18,"Sci-Fi, Thriller",2,0.62,0
USR-1931,12.5,21.5,30,Animation,1,0.29,4
USR-1932,58.78,52.9,40,"Romance, Thriller, Documentary, Animation",4,0.66,2
USR-1933,64.05,100.8,25,"Action, Thriller",2,0.55,0
USR-1934,9.07,17.5,25,Comedy,1,0.29,3
USR-1935,8.3,27.2,22,Romance,1,0.46,0
USR-1936,3.57,17.0,1,Drama,1,0.18,49
USR-1937,6.07,17.2,4,Documentary,1,0.45,29
USR-1938,55.48,72.9,28,"Action, Thriller",3,0.27,0
USR-1939,10.82,21.1,31,"Comedy, Romance",2,0.35,2
USR-1940,17.46,120.6,15,"Drama, Sci-Fi",2,0.92,16
USR-1941,9.25,31.6,13,Comedy,1,0.3,1
USR-1942,5.08,30.6,31,Animation,2,0.49,1
USR-1943,42.02,37.3,56,"Action, Animation, Thriller, Drama",4,0.51,3
USR-1944,43.22,165.1,20,"Sci-Fi, Thriller",3,0.81,0
USR-1945,40.61,160.2,15,"Drama, Sci-Fi",2,0.84,9
USR-1946,31.05,100.7,12,Drama,2,0.94,10
USR-1947,20.21,32.8,34,Animation,2,0.32,1
USR-1948,46.81,138.6,23,"Sci-Fi, Thriller",3,0.7,9
USR-1949,58.61,56.5,37,"Action, Thriller",3,0.6,1
USR-1950,39.7,149.3,20,Drama,3,0.89,3
USR-1951,10.84,24.8,28,"Comedy, Romance",1,0.48,6
USR-1952,42.37,111.5,28,"Drama, Sci-Fi",3,0.88,4
USR-1953,1.57,19.4,4,Comedy,1,0.13,22
USR-1954,16.86,120.4,21,"Sci-Fi, Thriller",3,0.76,8
USR-1955,50.56,98.3,34,"Action, Thriller",2,0.57,5
USR-1956,68.45,82.7,37,"Action, Thriller",1,0.48,3
USR-1957,46.72,101.6,32,"Action, Thriller",3,0.62,2
USR-1958,53.72,104.6,18,Drama,2,0.8,2
USR-1959,40.92,112.0,5,"Sci-Fi, Thriller",3,0.68,2
USR-1960,82.44,77.5,36,"Action, Thriller",1,0.24,1
USR-1961,59.18,69.5,31,"Action, Thriller",2,0.38,0
USR-1962,66.79,75.6,31,"Action, Thriller",2,0.39,13
USR-1963,48.93,88.3,37,"Action, Thriller",2,0.43,6
USR-1964,64.16,106.6,45,"Action, Thriller",2,0.47,6
USR-1965,16.05,26.5,27,Animation,1,0.2,10
USR-1966,42.3,100.8,22,"Drama, Sci-Fi",2,0.86,1
USR-1967,2.16,17.1,3,Action,1,0.29,45
USR-1968,43.59,68.5,58,"Horror, Comedy, Sci-Fi, Action, Thriller",5,0.43,0
USR-1969,3.97,15.6,1,Sci-Fi,1,0.08,33
USR-1970,14.38,16.6,26,Romance,1,0.41,0
USR-1971,16.73,25.3,21,"Comedy, Romance",1,0.4,6
USR-1972,80.45,85.9,49,"Action, Thriller",2,0.38,1
USR-1973,10.64,24.6,33,Comedy,2,0.4,20
USR-1974,30.47,138.6,21,"Drama, Sci-Fi",2,0.8,2
USR-1975,69.51,76.3,27,"Action, Thriller",1,0.48,3
USR-1976,63.22,39.3,39,"Comedy, Thriller, Horror, Action",4,0.39,3
USR-1977,15.19,28.1,26,Comedy,1,0.37,36
USR-1978,45.54,136.0,18,"Drama, Sci-Fi",2,0.82,9
USR-1979,18.03,20.6,40,Romance,1,0.25,5
USR-1980,44.23,94.7,52,"Action, Thriller",2,0.44,0
USR-1981,67.37,98.6,34,"Action, Thriller",2,0.49,0
USR-1982,16.31,28.1,28,"Comedy, Romance",1,0.18,3
USR-1983,43.78,100.6,31,"Action, Thriller",2,0.34,0
USR-1984,54.81,85.9,23,"Action, Thriller",1,0.41,1
USR-1985,58.03,71.4,43,"Documentary, Romance, Drama",3,0.3,5
USR-1986,40.39,92.1,27,"Action, Thriller",3,0.45,3
USR-1987,57.5,70.1,63,"Animation, Drama, Documentary, Romance",4,0.62,0
USR-1988,52.69,69.5,40,"Action, Thriller",2,0.52,7
USR-1989,49.32,75.6,35,"Action, Thriller",2,0.46,0
USR-1990,42.15,86.5,20,Drama,2,0.85,8
USR-1991,9.7,24.1,32,Animation,1,0.33,2
USR-1992,11.32,27.2,33,Romance,2,0.24,2
USR-1993,75.16,76.1,57,"Romance, Drama, Sci-Fi, Horror, Thriller",5,0.43,1
USR-1994,46.24,142.9,22,"Drama, Sci-Fi",2,0.8,4
USR-1995,57.79,84.5,37,"Action, Thriller",3,0.51,14
USR-1996,56.13,96.5,39,"Action, Thriller",2,0.56,3
USR-1997,8.48,20.7,27,"Comedy, Romance",2,0.29,12
USR-1998,7.48,23.6,28,Romance,1,0.31,3
USR-1999,13.89,19.7,23,"Comedy, Romance",1,0.41,1
USR-2000,45.92,104.4,6,Drama,2,0.7,0
USR-2001,5.22,32.5,34,Comedy,1,0.44,10
USR-2002,49.23,131.0,14,"Drama, Sci-Fi",2,0.94,10
USR-2003,11.65,26.7,26,"Comedy, Romance",1,0.25,32
USR-2004,36.86,75.0,45,"Animation, Thriller, Comedy",3,0.63,2
USR-2005,4.03,19.7,8,Romance,1,0.21,47
USR-2006,27.87,137.1,28,"Sci-Fi, Thriller",2,0.67,7
USR-2007,6.42,26.5,24,Animation,1,0.47,13
USR-2008,43.34,112.4,22,Drama,3,0.87,0
USR-2009,77.36,98.7,31,"Action, Thriller",1,0.39,0
USR-2010,4.48,22.5,3,Sci-Fi,1,0.43,56
USR-2011,52.72,81.3,39,"Romance, Documentary, Drama",3,0.48,4
USR-2012,9.75,33.2,34,"Comedy, Romance",1,0.31,5
USR-2013,42.2,93.5,34,"Action, Thriller",2,0.41,0
USR-2014,7.36,23.3,22,Animation,2,0.35,17
USR-2015,9.95,31.9,29,"Comedy, Romance",2,0.38,25
USR-2016,25.52,84.4,50,"Romance, Animation, Horror, Drama",4,0.39,0
USR-2017,8.91,23.0,27,Comedy,1,0.48,8
USR-2018,17.86,32.1,30,Animation,1,0.38,1
USR-2019,3.55,21.4,8,Documentary,1,0.18,51
USR-2020,43.18,119.2,13,"Drama, Sci-Fi",3,0.83,0
USR-2021,45.53,68.4,24,"Action, Thriller",3,0.57,0
USR-2022,46.92,76.2,29,"Action, Thriller",3,0.5,1
USR-2023,32.73,104.6,28,"Drama, Sci-Fi",2,0.96,0
USR-2024,6.07,15.4,2,Horror,1,0.17,34
USR-2025,40.29,81.3,51,"Action, Thriller",2,0.47,0
USR-2026,57.98,73.5,28,"Action, Thriller",2,0.43,0
USR-2027,30.13,112.4,14,"Sci-Fi, Thriller",3,0.75,0
USR-2028,38.02,117.8,13,"Drama, Sci-Fi",2,0.78,1
USR-2029,41.36,102.0,18,"Drama, Sci-Fi",3,0.77,5
USR-2030,61.21,47.9,44,"Animation, Drama, Romance",3,0.64,5
USR-2031,14.5,31.8,22,"Comedy, Romance",1,0.35,1
USR-2032,9.16,29.1,28,Animation,1,0.28,0
USR-2033,39.48,102.5,20,"Drama, Sci-Fi",3,0.89,3
USR-2034,55.77,81.7,32,"Action, Thriller",2,0.36,7
USR-2035,64.99,121.5,36,"Action, Thriller",2,0.59,0
USR-2036,66.92,91.3,48,"Action, Thriller",2,0.46,1
USR-2037,11.21,19.4,24,Romance,2,0.49,8
USR-2038,64.28,74.2,29,"Action, Thriller",2,0.53,1
USR-2039,50.8,133.8,8,"Drama, Sci-Fi",2,0.8,12
USR-2040,40.96,46.0,67,"Romance, Sci-Fi, Comedy, Thriller, Documentary",5,0.6,3
USR-2041,1.63,13.4,5,Romance,1,0.31,47
USR-2042,37.64,78.1,19,"Drama, Sci-Fi",2,0.97,1
USR-2043,53.03,96.0,42,"Action, Thriller",2,0.4,3
USR-2044,57.48,139.2,17,"Drama, Sci-Fi",2,0.81,4
USR-2045,32.65,138.1,10,"Drama, Sci-Fi",3,0.8,1
USR-2046,12.98,19.5,19,Romance,1,0.22,3
USR-2047,42.03,142.5,13,Drama,2,0.88,3
USR-2048,11.69,25.7,31,Romance,2,0.43,8
USR-2049,36.85,129.6,15,"Drama, Sci-Fi",2,0.79,11
USR-2050,66.5,40.8,59,"Drama, Thriller, Horror, Sci-Fi",4,0.47,0
USR-2051,6.62,23.5,20,"Comedy, Romance",1,0.33,11
USR-2052,51.05,66.5,57,"Romance, Sci-Fi, Action",3,0.37,0
USR-2053,75.06,108.8,30,"Action, Thriller",3,0.49,1
USR-2054,17.87,76.4,25,"Sci-Fi, Thriller",2,0.85,0
USR-2055,10.98,34.1,41,Romance,1,0.36,0
USR-2056,12.65,25.3,19,Comedy,2,0.32,3
USR-2057,42.73,150.5,15,"Drama, Sci-Fi",2,0.81,2
USR-2058,67.63,64.2,33,"Comedy, Thriller, Animation",3,0.47,3
USR-2059,43.09,145.6,23,Drama,3,0.79,6
USR-2060,1.55,12.3,4,Animation,1,0.3,44
USR-2061,10.38,36.8,34,Animation,1,0.33,1
USR-2062,37.5,106.2,20,"Sci-Fi, Thriller",2,0.87,4
USR-2063,3.93,24.0,4,Horror,1,0.12,52
USR-2064,31.16,39.7,45,"Comedy, Animation, Documentary",3,0.62,0
USR-2065,16.68,18.7,23,"Comedy, Romance",1,0.41,3
USR-2066,57.21,89.8,43,"Action, Thriller",2,0.36,1
USR-2067,62.97,80.0,29,"Action, Thriller",2,0.41,2
USR-2068,39.6,71.2,18,Drama,3,0.8,3
USR-2069,3.7,11.5,7,Thriller,1,0.18,49
USR-2070,55.74,99.7,43,"Action, Thriller",1,0.34,1
USR-2071,13.21,23.2,25,Romance,2,0.39,17
USR-2072,15.5,30.9,30,Animation,2,0.17,5
USR-2073,35.16,120.2,19,"Sci-Fi, Thriller",3,0.75,2
USR-2074,41.14,90.4,26,"Action, Thriller",2,0.58,9
USR-2075,55.6,83.9,49,"Action, Romance, Thriller, Sci-Fi, Comedy",5,0.58,0
USR-2076,47.72,83.4,22,"Sci-Fi, Thriller",2,0.75,18
USR-2077,10.4,28.0,31,Romance,1,0.35,13
USR-2078,47.88,115.2,21,Drama,3,0.81,4
USR-2079,2.66,20.1,25,"Comedy, Romance",1,0.44,9
USR-2080,15.46,27.6,15,Animation,1,0.39,11
USR-2081,4.94,17.2,5,Thriller,1,0.52,34
USR-2082,10.66,34.3,32,Animation,1,0.43,2
USR-2083,53.47,87.2,44,"Action, Thriller",3,0.45,2
USR-2084,4.5,18.0,1,Documentary,1,0.2,51
USR-2085,12.51,25.5,22,Comedy,2,0.46,0
USR-2086,14.05,21.0,28,Animation,1,0.29,0
USR-2087,69.71,66.9,60,"Sci-Fi, Documentary, Thriller",3,0.57,1
USR-2088,15.3,27.9,36,Comedy,2,0.4,17
USR-2089,52.76,108.9,32,"Action, Thriller",2,0.48,0
USR-2090,70.64,86.7,29,"Action, Thriller",1,0.53,1
USR-2091,49.3,51.8,44,"Action, Drama, Romance, Sci-Fi",4,0.39,2
USR-2092,58.83,103.9,28,"Action, Thriller",2,0.59,0
USR-2093,15.63,26.0,26,"Comedy, Romance",1,0.45,0
USR-2094,49.78,64.3,37,"Action, Thriller",2,0.52,3
USR-2095,52.58,78.0,45,"Comedy, Drama, Animation, Documentary, Action",5,0.62,1
USR-2096,5.94,22.2,5,Thriller,1,0.32,21
USR-2097,15.56,32.1,31,"Comedy, Romance",2,0.2,1
USR-2098,1.96,9.0,6,Comedy,1,0.01,25
USR-2099,34.26,106.4,18,"Sci-Fi, Thriller",2,0.8,5
USR-2100,8.49,22.0,37,Romance,1,0.46,0
USR-2101,6.14,31.8,31,Romance,1,0.43,0
USR-2102,9.32,24.2,28,Comedy,1,0.46,7
USR-2103,30.43,123.9,9,"Drama, Sci-Fi",3,0.77,2
USR-2104,62.09,82.0,31,"Action, Thriller",2,0.3,0
USR-2105,44.3,157.9,15,Drama,2,0.81,20
USR-2106,12.79,22.2,35,Animation,1,0.27,11
USR-2107,40.07,116.5,12,"Drama, Sci-Fi",3,0.74,5
USR-2108,2.92,15.5,3,Romance,1,0.29,20
USR-2109,17.49,33.0,25,Romance,1,0.29,15
USR-2110,44.38,114.7,26,"Sci-Fi, Thriller",3,0.78,1
USR-2111,62.18,76.5,34,"Animation, Comedy, Romance",3,0.41,2
USR-2112,48.51,113.7,26,"Sci-Fi, Thriller",3,0.87,1
USR-2113,6.65,18.3,24,Comedy,2,0.2,1
USR-2114,11.1,20.1,35,Animation,2,0.36,11
USR-2115,36.62,141.5,27,"Drama, Sci-Fi",2,0.82,5
USR-2116,15.7,31.9,32,Romance,1,0.44,2
USR-2117,3.24,14.8,1,Thriller,1,0.23,56
USR-2118,55.07,84.8,21,"Action, Thriller",2,0.46,8
USR-2119,14.99,32.7,24,Comedy,1,0.35,18
USR-2120,43.05,108.3,35,"Action, Thriller",2,0.32,0
USR-2121,35.34,65.3,28,"Action, Thriller",1,0.41,10
USR-2122,3.29,18.0,3,Documentary,1,0.28,56
USR-2123,33.86,118.6,18,Drama,2,0.7,4
USR-2124,15.41,114.0,19,Drama,3,0.85,0
USR-2125,0.1,14.0,5,Romance,1,0.37,55
USR-2126,42.59,69.8,48,"Thriller, Animation, Drama, Documentary, Action",5,0.33,0
USR-2127,12.05,39.1,32,Animation,1,0.13,2
USR-2128,40.01,153.7,22,"Drama, Sci-Fi",3,0.84,7
USR-2129,39.04,135.1,23,"Drama, Sci-Fi",2,0.7,11
USR-2130,21.82,28.3,23,"Comedy, Romance",2,0.21,8
USR-2131,29.59,123.3,16,Drama,2,0.73,3
USR-2132,51.75,98.9,30,"Sci-Fi, Thriller",2,0.83,1
USR-2133,50.79,82.7,29,"Action, Thriller",2,0.66,0
USR-2134,38.92,62.4,51,"Comedy, Animation, Action, Drama",4,0.6,2
USR-2135,10.33,12.7,26,Romance,2,0.43,17
USR-2136,52.28,84.4,50,"Sci-Fi, Action, Horror",3,0.38,7
USR-2137,60.69,60.4,41,"Action, Thriller",1,0.41,1
USR-2138,56.26,63.5,32,"Animation, Horror, Documentary, Comedy, Romance",5,0.59,0
USR-2139,13.77,28.6,25,Comedy,1,0.21,1
USR-2140,28.75,110.1,23,Drama,2,0.65,2
USR-2141,81.44,99.5,36,"Action, Thriller",3,0.5,1
USR-2142,7.34,24.3,33,Animation,1,0.31,7
USR-2143,58.83,131.0,29,"Drama, Sci-Fi",3,0.82,0
USR-2144,64.76,75.4,47,"Comedy, Sci-Fi, Action, Horror, Animation",5,0.5,0
USR-2145,13.86,24.5,38,"Comedy, Romance",1,0.47,3
USR-2146,49.2,66.8,34,"Romance, Comedy, Sci-Fi, Animation, Action",5,0.45,0
USR-2147,24.97,85.0,24,"Sci-Fi, Thriller",2,0.68,1
USR-2148,57.55,103.2,36,"Action, Thriller",2,0.58,1
USR-2149,11.97,26.0,27,Animation,1,0.39,7
USR-2150,10.58,30.5,23,Comedy,2,0.35,6
USR-2151,6.39,18.8,3,Drama,1,0.65,45
USR-2152,39.5,73.4,33,"Animation, Action, Romance, Sci-Fi, Documentary",5,0.57,0
USR-2153,37.42,50.4,51,"Thriller, Documentary, Romance",3,0.3,2
USR-2154,16.86,19.5,29,Romance,1,0.53,9
USR-2155,58.4,110.6,35,"Action, Thriller",2,0.47,1
USR-2156,54.94,72.2,40,"Romance, Action, Documentary, Animation, Thriller",5,0.51,0
USR-2157,6.72,24.5,28,Romance,1,0.46,5
USR-2158,27.41,92.5,15,"Action, Thriller",2,0.56,7
USR-2159,61.23,93.3,43,"Action, Thriller",1,0.46,2
USR-2160,11.91,23.8,36,"Comedy, Romance",2,0.24,20
USR-2161,35.86,107.6,24,"Drama, Sci-Fi",3,0.77,8
USR-2162,7.29,26.7,23,"Comedy, Romance",1,0.28,11
USR-2163,16.72,63.4,50,"Drama, Comedy, Animation, Horror, Romance",5,0.62,0
USR-2164,52.57,97.4,20,"Sci-Fi, Thriller",2,0.99,8
USR-2165,5.71,15.1,25,Comedy,1,0.26,11
USR-2166,49.68,92.4,18,"Drama, Sci-Fi",3,0.77,0
USR-2167,8.55,15.1,30,Romance,1,0.32,6
USR-2168,1.15,25.4,6,Animation,1,0.22,20
USR-2169,53.44,91.2,62,"Documentary, Comedy, Romance, Horror",4,0.6,4
USR-2170,22.06,97.6,24,"Drama, Sci-Fi",2,0.87,5
USR-2171,66.81,78.6,42,"Action, Comedy, Animation, Thriller",4,0.36,0
USR-2172,50.6,82.5,48,"Action, Thriller",1,0.39,4
USR-2173,42.74,66.9,64,"Romance, Horror, Thriller, Drama, Animation",5,0.41,0
USR-2174,10.89,30.0,25,"Comedy, Romance",2,0.37,1
USR-2175,50.01,97.0,13,"Sci-Fi, Thriller",2,0.87,0
USR-2176,54.03,60.6,34,"Documentary, Action, Romance, Animation",4,0.43,0
USR-2177,31.78,68.7,43,"Sci-Fi, Comedy, Romance, Drama, Documentary",5,0.33,2
USR-2178,39.55,116.7,16,"Sci-Fi, Thriller",3,0.84,2
USR-2179,53.11,71.5,29,"Action, Thriller",2,0.54,2
USR-2180,18.62,27.8,14,Comedy,1,0.22,1
USR-2181,38.19,82.7,38,"Action, Thriller",2,0.42,1
USR-2182,42.99,143.7,17,Drama,2,0.74,18
USR-2183,26.48,105.2,25,"Drama, Sci-Fi",2,0.76,0
USR-2184,18.65,32.8,21,Romance,1,0.34,2
USR-2185,44.29,95.7,27,"Action, Thriller",1,0.33,0
USR-2186,10.48,23.3,29,"Comedy, Romance",2,0.32,0
USR-2187,2.87,18.3,25,Comedy,2,0.46,1
USR-2188,2.77,20.7,2,Comedy,1,0.38,47
USR-2189,16.49,15.8,27,Romance,1,0.39,12
USR-2190,42.61,168.8,15,"Drama, Sci-Fi",2,0.62,0
USR-2191,57.32,68.4,34,"Action, Thriller",2,0.27,0
USR-2192,47.16,143.1,3,"Drama, Sci-Fi",2,0.79,1
USR-2193,19.7,26.7,22,Comedy,1,0.5,0
USR-2194,9.43,23.4,38,Comedy,1,0.52,5
USR-2195,51.42,100.3,14,Drama,2,0.7,0
USR-2196,60.26,60.3,20,"Sci-Fi, Thriller, Comedy, Documentary, Horror",5,0.55,1
USR-2197,38.84,138.6,17,"Drama, Sci-Fi",2,0.84,3
USR-2198,31.44,140.5,14,"Drama, Sci-Fi",3,0.84,0
USR-2199,6.15,28.4,31,Romance,1,0.48,0
USR-2200,3.32,15.7,1,Animation,1,0.19,32
USR-2201,45.25,74.0,44,"Romance, Drama, Comedy, Horror, Thriller",5,0.67,2
USR-2202,3.21,11.2,6,Sci-Fi,1,0.19,52
USR-2203,1.86,10.1,7,Drama,1,0.33,42
USR-2204,54.04,76.6,36,"Sci-Fi, Thriller, Action, Comedy, Romance",5,0.31,0
USR-2205,51.03,66.7,52,"Animation, Horror, Comedy, Romance",4,0.61,1
USR-2206,31.91,71.5,43,"Sci-Fi, Thriller, Action",3,0.72,1
USR-2207,16.5,26.5,24,Comedy,2,0.38,1
USR-2208,33.76,90.4,37,"Action, Thriller",1,0.7,4
USR-2209,46.6,71.7,34,"Comedy, Sci-Fi, Romance, Action",4,0.43,0
USR-2210,32.06,55.2,32,"Horror, Animation, Action, Romance",4,0.34,4
USR-2211,4.36,13.9,6,Romance,1,0.12,29
USR-2212,34.93,142.4,21,Drama,2,0.8,1
USR-2213,47.4,105.2,19,Drama,3,0.71,3
USR-2214,52.31,104.8,63,"Action, Thriller",1,0.48,3
USR-2215,1.66,22.7,7,Drama,1,0.39,32
USR-2216,31.89,70.4,52,"Drama, Thriller, Romance, Animation",4,0.48,0
USR-2217,64.94,78.4,43,"Comedy, Documentary, Romance",3,0.57,0
USR-2218,47.56,90.5,31,"Action, Thriller",1,0.5,2
USR-2219,66.97,86.4,37,"Comedy, Action, Documentary, Sci-Fi",4,0.59,4
USR-2220,12.55,27.0,23,Romance,1,0.32,0
USR-2221,57.43,85.8,37,"Action, Thriller",2,0.39,0
USR-2222,27.33,71.7,51,"Sci-Fi, Thriller, Drama, Animation",4,0.41,1
USR-2223,0.3,26.7,3,Sci-Fi,1,0.19,51
USR-2224,50.01,93.1,29,"Action, Thriller",3,0.42,1
USR-2225,30.65,123.4,29,"Sci-Fi, Thriller",2,0.86,4
USR-2226,30.27,64.6,58,"Comedy, Sci-Fi, Drama, Documentary, Thriller",5,0.45,0
USR-2227,8.46,16.5,31,Romance,2,0.36,3
USR-2228,22.43,154.5,22,"Drama, Sci-Fi",2,0.81,6
USR-2229,65.13,117.7,23,"Drama, Sci-Fi",3,0.83,4
USR-2230,19.62,25.0,39,Animation,1,0.5,10
USR-2231,0.1,17.9,4,Action,1,0.38,31
USR-2232,37.19,117.6,17,"Drama, Sci-Fi",3,0.87,2
USR-2233,3.07,19.1,5,Drama,1,0.39,46
USR-2234,50.27,119.7,23,"Drama, Sci-Fi",2,0.7,15
USR-2235,16.36,31.0,33,Comedy,1,0.22,2
USR-2236,11.22,33.2,25,Animation,1,0.25,0
USR-2237,56.18,103.4,19,"Action, Thriller",3,0.3,1
USR-2238,52.45,36.2,47,"Comedy, Animation, Drama",3,0.47,3
USR-2239,48.92,78.8,54,"Comedy, Romance, Thriller, Sci-Fi, Horror",5,0.51,1
USR-2240,46.84,63.5,46,"Action, Thriller",2,0.41,0
USR-2241,30.73,125.6,28,"Drama, Sci-Fi",2,0.71,3
USR-2242,1.72,23.9,6,Drama,1,0.34,32
USR-2243,52.16,78.6,43,"Animation, Sci-Fi, Action, Drama",4,0.58,0
USR-2244,52.09,97.8,40,"Action, Thriller",3,0.35,3
USR-2245,12.13,31.8,36,Romance,2,0.19,5
USR-2246,0.44,23.7,1,Sci-Fi,1,0.19,50
USR-2247,37.72,95.5,21,Drama,2,0.74,1
USR-2248,1.13,21.2,5,Horror,1,0.2,30
USR-2249,13.95,28.6,28,"Comedy, Romance",1,0.49,7
USR-2250,0.31,15.1,5,Sci-Fi,1,0.25,21
USR-2251,31.49,148.2,20,"Sci-Fi, Thriller",2,0.68,2
USR-2252,10.55,19.5,29,Animation,1,0.4,29
USR-2253,15.95,120.3,18,"Drama, Sci-Fi",2,0.83,1
USR-2254,9.31,13.6,29,Romance,1,0.4,11
USR-2255,13.9,25.3,23,"Comedy, Romance",1,0.34,6
USR-2256,57.07,79.0,28,"Action, Thriller",3,0.36,0
USR-2257,27.48,112.0,23,"Drama, Sci-Fi",3,0.79,0
USR-2258,48.28,76.1,42,"Drama, Romance, Action, Documentary",4,0.39,3
USR-2259,29.29,99.1,26,"Sci-Fi, Thriller",2,0.68,4
USR-2260,58.19,38.7,38,"Comedy, Action, Drama, Thriller",4,0.68,1
USR-2261,39.16,73.9,35,"Horror, Thriller, Animation",3,0.52,1
USR-2262,46.16,107.8,15,Drama,3,0.67,0
USR-2263,17.6,84.5,54,"Drama, Action, Romance, Sci-Fi",4,0.54,1
USR-2264,48.47,109.7,16,"Sci-Fi, Thriller",3,0.74,0
USR-2265,48.24,120.3,26,Drama,3,0.89,6
USR-2266,15.0,22.9,20,Romance,1,0.45,0
USR-2267,2.49,15.3,4,Action,1,0.4,20
USR-2268,54.23,78.9,56,"Action, Romance, Drama, Horror, Sci-Fi",5,0.53,0
USR-2269,59.54,94.2,40,"Action, Thriller",1,0.52,3
USR-2270,13.2,28.7,26,Animation,1,0.28,1
USR-2271,14.04,18.8,19,Romance,1,0.52,8
USR-2272,1.28,19.9,5,Documentary,1,0.27,52
USR-2273,54.92,101.0,38,"Action, Thriller",2,0.3,0
USR-2274,9.82,26.2,32,Comedy,1,0.48,3
USR-2275,70.24,94.8,42,"Action, Thriller",2,0.56,3
USR-2276,1.77,13.9,6,Horror,1,0.13,24
USR-2277,72.16,93.0,45,"Action, Thriller",2,0.64,1
USR-2278,16.56,19.0,31,Animation,1,0.36,4
USR-2279,13.54,24.8,30,Comedy,1,0.27,4
USR-2280,31.09,42.7,45,"Romance, Horror, Action, Thriller, Animation",5,0.64,1
USR-2281,38.3,135.5,22,"Drama, Sci-Fi",2,0.77,13
USR-2282,55.64,103.4,22,"Drama, Sci-Fi",2,0.88,11
USR-2283,44.25,73.0,26,"Thriller, Romance, Action, Animation",4,0.59,2
USR-2284,15.5,27.8,21,Comedy,1,0.38,2
USR-2285,38.22,103.0,19,Drama,2,0.81,0
USR-2286,55.21,145.2,13,"Drama, Sci-Fi",2,0.76,0
USR-2287,65.39,102.4,35,"Action, Thriller",3,0.32,2
USR-2288,9.86,26.3,31,"Comedy, Romance",1,0.46,13
USR-2289,44.19,85.2,31,"Action, Thriller",2,0.44,1
USR-2290,5.06,27.0,35,Comedy,1,0.67,1
USR-2291,15.64,30.3,32,Comedy,1,0.36,14
USR-2292,15.33,23.9,26,Animation,1,0.5,3
USR-2293,43.8,83.2,19,"Sci-Fi, Thriller",2,0.82,2
USR-2294,65.08,63.3,48,"Documentary, Horror, Animation, Action, Comedy",5,0.49,1
USR-2295,0.1,21.0,1,Sci-Fi,1,0.16,35
USR-2296,7.97,17.9,33,Animation,1,0.48,28
USR-2297,10.47,17.6,33,Animation,1,0.34,16
USR-2298,38.8,72.3,31,"Action, Thriller",2,0.44,1
USR-2299,37.87,34.6,35,"Thriller, Horror, Romance",3,0.47,0
USR-2300,57.73,89.3,35,"Action, Thriller",1,0.32,0
USR-2301,45.59,114.4,13,"Drama, Sci-Fi",3,0.77,0
USR-2302,9.29,29.1,31,Animation,1,0.48,7
USR-2303,14.08,36.7,22,Animation,1,0.32,5
USR-2304,58.08,100.6,45,"Action, Thriller",2,0.44,2
USR-2305,43.52,84.7,33,"Action, Thriller",2,0.65,1
USR-2306,55.42,106.8,22,"Action, Thriller",3,0.54,0
USR-2307,42.58,120.4,15,Drama,3,0.85,1
USR-2308,20.41,27.8,35,Comedy,2,0.5,11
USR-2309,36.72,92.7,40,"Action, Thriller",1,0.31,10
USR-2310,3.46,6.2,7,Comedy,1,0.24,33
USR-2311,49.99,71.6,38,"Comedy, Sci-Fi, Thriller",3,0.54,1
USR-2312,52.82,90.5,38,"Action, Thriller",2,0.43,8
USR-2313,16.06,16.2,28,"Comedy, Romance",1,0.51,22
USR-2314,51.74,102.7,35,"Action, Thriller",3,0.43,6
USR-2315,10.36,20.6,29,Romance,1,0.37,3
USR-2316,84.1,88.8,43,"Action, Thriller",2,0.55,0
USR-2317,1.44,21.9,6,Comedy,1,0.22,35
USR-2318,16.18,17.6,28,Comedy,1,0.56,0
USR-2319,16.44,28.0,32,Animation,1,0.41,3
USR-2320,42.19,120.1,26,"Sci-Fi, Thriller",3,0.8,6
USR-2321,44.88,120.4,21,"Drama, Sci-Fi",2,0.81,1
USR-2322,54.0,95.6,34,"Action, Thriller",2,0.54,0
USR-2323,42.01,86.4,38,"Action, Thriller",2,0.62,1
USR-2324,41.34,72.9,44,"Action, Thriller",2,0.36,0
USR-2325,43.33,163.5,8,"Drama, Sci-Fi",2,0.83,6
USR-2326,3.04,16.3,27,"Comedy, Romance",1,0.51,16
USR-2327,67.68,65.5,33,"Action, Thriller",2,0.49,3
USR-2328,27.67,52.1,43,"Action, Thriller",3,0.38,3
USR-2329,2.57,14.0,6,Sci-Fi,1,0.08,28
USR-2330,45.23,80.9,23,"Action, Thriller",2,0.45,0
USR-2331,42.42,120.8,16,Drama,3,0.91,0
USR-2332,72.53,112.1,36,"Action, Thriller",2,0.55,10
USR-2333,50.61,86.9,38,"Action, Thriller",2,0.44,3
USR-2334,44.0,102.4,23,"Drama, Sci-Fi",3,0.9,0
USR-2335,13.89,23.7,24,"Comedy, Romance",1,0.33,16
USR-2336,41.33,105.7,21,Drama,3,0.77,0
USR-2337,17.64,31.2,27,Romance,1,0.29,22
USR-2338,20.14,33.8,32,Romance,1,0.26,7
USR-2339,70.97,84.9,41,"Action, Thriller",2,0.31,0
USR-2340,14.01,27.7,25,Romance,1,0.44,1
USR-2341,7.01,17.8,35,Romance,1,0.34,1
USR-2342,57.73,73.6,47,"Action, Thriller",2,0.54,4
USR-2343,4.4,12.8,5,Thriller,1,0.32,37
USR-2344,40.53,55.6,63,"Animation, Drama, Sci-Fi, Comedy, Romance",5,0.31,0
USR-2345,56.65,66.8,34,"Documentary, Animation, Drama",3,0.52,0
USR-2346,8.55,22.0,26,Romance,2,0.35,10
USR-2347,14.9,26.1,27,Animation,2,0.34,0
USR-2348,67.46,94.0,23,"Action, Thriller",1,0.49,3
USR-2349,55.84,84.9,24,"Sci-Fi, Thriller",2,0.85,1
USR-2350,54.37,98.4,23,"Action, Thriller",2,0.67,4
USR-2351,64.86,114.9,33,"Action, Thriller",2,0.43,1
USR-2352,12.26,25.5,40,Romance,1,0.13,3
USR-2353,47.77,31.9,40,"Thriller, Comedy, Documentary, Action",4,0.44,1
USR-2354,64.29,100.0,53,"Action, Thriller",2,0.43,2
USR-2355,60.91,112.8,37,"Action, Thriller",2,0.38,2
USR-2356,49.59,87.8,42,"Action, Thriller",1,0.45,0
USR-2357,66.1,72.4,51,"Comedy, Sci-Fi, Animation, Thriller, Horror",5,0.58,0
USR-2358,35.19,46.9,29,"Animation, Documentary, Drama, Horror, Sci-Fi",5,0.27,3
USR-2359,57.56,109.5,47,"Action, Thriller",2,0.6,0
USR-2360,46.27,108.3,31,"Action, Thriller",2,0.37,10
USR-2361,44.97,120.7,20,"Drama, Sci-Fi",3,0.87,3
USR-2362,59.03,86.9,35,"Action, Thriller",1,0.42,0
USR-2363,14.64,21.2,20,"Comedy, Romance",1,0.22,7
USR-2364,29.1,68.8,49,"Drama, Action, Horror",3,0.52,4
USR-2365,28.04,94.1,18,"Drama, Sci-Fi",3,0.66,25
USR-2366,48.13,66.2,31,"Action, Thriller",3,0.52,1
USR-2367,32.97,110.4,22,Drama,2,0.91,1
USR-2368,48.1,62.3,52,"Romance, Comedy, Documentary, Sci-Fi",4,0.4,0
USR-2369,51.46,91.5,40,"Documentary, Animation, Romance",3,0.53,0
USR-2370,13.71,15.8,31,Romance,1,0.42,0
USR-2371,3.18,12.8,3,Action,1,0.34,22
USR-2372,59.1,85.6,43,"Action, Thriller",3,0.48,2
USR-2373,5.46,21.3,6,Documentary,1,0.23,22
USR-2374,32.98,191.1,22,"Drama, Sci-Fi",2,0.78,1
USR-2375,6.53,26.0,24,"Comedy, Romance",1,0.31,1
USR-2376,52.11,136.0,24,"Sci-Fi, Thriller",2,0.9,7
USR-2377,58.81,85.6,40,"Action, Thriller",2,0.37,4
USR-2378,3.11,17.9,2,Action,1,0.29,27
USR-2379,61.77,94.7,36,"Action, Thriller",1,0.51,4
USR-2380,68.37,100.2,42,"Action, Thriller",2,0.56,7
USR-2381,51.6,99.2,36,"Action, Thriller",1,0.43,5
USR-2382,13.39,29.2,21,Animation,1,0.49,2
USR-2383,57.07,97.8,38,"Action, Thriller",1,0.39,2
USR-2384,14.31,17.9,35,"Comedy, Romance",1,0.4,1
USR-2385,2.17,18.3,7,Comedy,1,0.23,39
USR-2386,54.65,76.9,46,"Horror, Drama, Romance",3,0.66,1
USR-2387,10.54,20.4,25,"Comedy, Romance",1,0.45,20
USR-2388,8.06,28.2,26,Comedy,1,0.28,13
USR-2389,47.38,125.3,49,"Action, Thriller",1,0.28,7
USR-2390,42.58,94.0,27,"Sci-Fi, Thriller",2,0.9,3
USR-2391,67.64,122.0,41,"Action, Thriller",3,0.48,11
USR-2392,3.6,21.2,4,Comedy,1,0.44,35
USR-2393,16.37,25.4,22,Animation,1,0.28,0
USR-2394,44.01,89.2,38,"Action, Thriller",2,0.41,3
USR-2395,57.07,92.3,41,"Action, Thriller",3,0.45,3
USR-2396,36.96,109.5,12,Drama,3,0.84,1
USR-2397,13.42,18.6,20,Romance,1,0.56,7
USR-2398,51.72,92.6,32,"Action, Thriller",3,0.45,4
USR-2399,43.31,83.2,26,"Action, Thriller",2,0.52,1
USR-2400,46.23,158.8,23,"Drama, Sci-Fi",2,0.78,5
USR-2401,65.58,98.5,30,"Action, Thriller",2,0.35,9
USR-2402,44.07,116.1,15,"Drama, Sci-Fi",2,0.88,14
USR-2403,10.83,29.5,35,"Comedy, Romance",2,0.29,1
USR-2404,18.89,22.8,25,Comedy,1,0.34,10
USR-2405,54.3,62.4,44,"Action, Thriller",2,0.17,1
USR-2406,48.75,111.0,52,"Action, Thriller",3,0.46,3
USR-2407,60.92,89.6,20,"Action, Thriller",2,0.67,3
USR-2408,45.57,66.5,20,"Action, Thriller",3,0.49,1
USR-2409,10.86,22.2,28,Animation,1,0.29,6
USR-2410,45.66,73.9,42,"Action, Thriller",2,0.46,0
USR-2411,5.8,131.4,15,"Sci-Fi, Thriller",3,0.85,1
USR-2412,45.83,95.3,19,"Drama, Sci-Fi",2,0.79,0
USR-2413,62.91,86.6,38,"Action, Thriller",2,0.62,2
USR-2414,57.85,102.9,18,"Drama, Sci-Fi",2,0.75,0
USR-2415,66.08,116.2,23,"Action, Thriller",2,0.52,5
USR-2416,64.66,43.9,58,"Action, Romance, Horror, Comedy, Documentary",5,0.39,1
USR-2417,59.98,97.6,32,"Action, Thriller",2,0.26,13
USR-2418,18.96,20.2,31,Animation,2,0.17,8
USR-2419,10.99,10.3,35,"Comedy, Romance",2,0.32,10
USR-2420,43.74,56.8,46,"Horror, Documentary, Comedy, Romance",4,0.49,0
USR-2421,29.94,120.8,25,"Sci-Fi, Thriller",3,0.93,0
USR-2422,1.67,8.6,2,Drama,1,0.0,43
USR-2423,30.77,118.6,15,"Drama, Sci-Fi",3,0.79,13
USR-2424,84.81,107.9,36,"Action, Thriller",1,0.52,1
USR-2425,47.58,128.4,22,"Drama, Sci-Fi",2,0.87,8
USR-2426,0.1,20.5,4,Animation,1,0.02,28
USR-2427,58.78,66.4,35,"Action, Thriller",2,0.52,1
USR-2428,12.06,21.3,35,Animation,2,0.37,4
USR-2429,43.27,105.4,20,"Action, Thriller",2,0.44,6
USR-2430,67.82,101.3,34,"Action, Thriller",1,0.3,4
USR-2431,38.55,83.0,45,"Romance, Sci-Fi, Documentary, Comedy",4,0.59,1
USR-2432,16.03,33.7,25,Romance,1,0.32,3
USR-2433,69.06,97.5,34,"Action, Thriller",2,0.5,7
USR-2434,45.91,91.8,24,"Sci-Fi, Thriller",2,0.82,1
USR-2435,23.11,21.9,28,Animation,2,0.18,3
USR-2436,16.06,32.6,20,"Comedy, Romance",1,0.17,12
USR-2437,40.73,120.8,15,"Action, Thriller",3,0.28,0
USR-2438,48.06,19.0,44,"Comedy, Animation, Horror, Romance, Sci-Fi",5,0.57,2
USR-2439,54.57,111.4,39,"Action, Thriller",2,0.45,4
USR-2440,33.08,153.8,21,"Drama, Sci-Fi",2,0.66,7
USR-2441,11.64,32.2,28,Romance,1,0.35,1
USR-2442,18.4,28.6,36,Romance,1,0.44,10
USR-2443,68.32,47.0,29,"Animation, Drama, Horror",3,0.49,1
USR-2444,54.01,104.1,27,"Action, Thriller",1,0.42,7
USR-2445,10.39,26.3,31,"Comedy, Romance",2,0.37,1
USR-2446,50.45,102.1,24,"Action, Thriller",3,0.24,1
USR-2447,55.6,99.9,33,"Animation, Sci-Fi, Documentary, Comedy, Romance",5,0.41,1
USR-2448,25.36,57.1,47,"Horror, Action, Documentary",3,0.62,0
USR-2449,10.15,19.8,27,Romance,1,0.6,18
USR-2450,12.55,24.7,30,Romance,1,0.39,1
USR-2451,40.55,93.2,32,"Action, Thriller",2,0.32,0
USR-2452,38.93,74.6,32,"Action, Thriller",1,0.55,0
USR-2453,33.69,152.9,18,"Drama, Sci-Fi",2,0.73,1
USR-2454,37.56,150.2,27,"Drama, Sci-Fi",2,0.87,3
USR-2455,10.78,24.1,28,Comedy,1,0.39,5
USR-2456,41.52,85.6,19,"Action, Thriller",2,0.49,0
USR-2457,62.41,108.3,31,"Action, Thriller",3,0.44,0
USR-2458,0.1,16.6,6,Animation,1,0.3,30
USR-2459,1.09,16.7,4,Horror,1,0.14,46
USR-2460,73.61,69.0,32,"Action, Thriller",1,0.43,0
USR-2461,40.72,67.8,29,"Comedy, Action, Drama, Documentary",4,0.41,4
USR-2462,4.27,13.7,5,Romance,1,0.17,50
USR-2463,53.92,31.5,42,"Comedy, Sci-Fi, Action, Drama, Thriller",5,0.38,0
USR-2464,47.12,102.8,36,"Action, Thriller",2,0.59,2
USR-2465,13.02,27.9,41,Comedy,1,0.32,19
USR-2466,73.47,103.7,30,"Action, Thriller",1,0.58,4
USR-2467,31.8,69.5,65,"Horror, Animation, Action",3,0.58,2
USR-2468,9.4,31.2,28,"Comedy, Romance",1,0.18,5
USR-2469,11.82,31.0,30,Romance,1,0.38,9
USR-2470,46.46,64.6,48,"Romance, Thriller, Documentary, Action, Comedy",5,0.48,0
USR-2471,72.52,63.7,29,"Comedy, Drama, Sci-Fi, Romance, Documentary",5,0.36,1
USR-2472,37.05,60.0,30,"Action, Thriller",2,0.54,0
USR-2473,15.46,33.4,36,Animation,2,0.28,12
USR-2474,72.18,83.1,23,"Action, Thriller",2,0.29,3
USR-2475,5.13,22.2,25,Comedy,1,0.38,16
USR-2476,9.43,26.1,22,Romance,1,0.13,6
USR-2477,49.83,68.2,41,"Sci-Fi, Drama, Comedy, Romance, Animation",5,0.74,0
USR-2478,50.48,75.3,44,"Action, Thriller",3,0.53,0
USR-2479,52.49,101.5,38,"Action, Thriller",2,0.32,0
USR-2480,47.41,43.0,41,"Horror, Sci-Fi, Romance",3,0.55,0
USR-2481,36.23,93.4,26,"Action, Thriller",2,0.37,2
USR-2482,72.51,92.0,39,"Action, Thriller",1,0.46,15
USR-2483,46.21,174.9,16,"Sci-Fi, Thriller",3,0.82,4
USR-2484,50.28,71.8,25,"Animation, Drama, Comedy, Thriller",4,0.47,1
USR-2485,48.57,150.5,24,Drama,2,0.75,0
USR-2486,33.86,86.9,25,"Sci-Fi, Thriller",2,0.77,4
USR-2487,41.26,93.1,41,"Action, Thriller",1,0.32,0
USR-2488,1.11,23.3,5,Thriller,1,0.17,50
USR-2489,65.02,70.9,34,"Animation, Sci-Fi, Comedy, Romance",4,0.41,0
USR-2490,51.99,130.3,15,"Sci-Fi, Thriller",3,0.7,4
USR-2491,14.66,27.0,32,Animation,2,0.25,2
USR-2492,10.83,22.3,26,Animation,2,0.44,1
USR-2493,2.0,25.3,4,Action,1,0.13,53
USR-2494,10.66,30.0,24,Animation,1,0.42,8
USR-2495,35.08,111.7,30,Drama,2,0.91,11
USR-2496,54.57,133.7,26,"Drama, Sci-Fi",2,0.72,4
USR-2497,12.97,25.7,33,Comedy,2,0.29,4
USR-2498,23.93,96.4,27,"Sci-Fi, Thriller",3,0.76,12
USR-2499,84.92,86.7,41,"Animation, Horror, Comedy, Documentary",4,0.29,3
USR-2500,6.02,30.0,30,"Comedy, Romance",1,0.48,7
USR-2501,7.38,17.5,26,"Comedy, Romance",1,0.54,1
USR-2502,38.99,36.7,39,"Action, Documentary, Drama, Animation, Comedy",5,0.3,1
USR-2503,48.11,90.1,40,"Action, Thriller",2,0.6,17
USR-2504,13.64,33.5,28,Animation,2,0.2,8
USR-2505,49.87,114.5,10,Drama,2,0.77,0
USR-2506,40.11,95.4,28,"Action, Thriller",1,0.36,0
USR-2507,54.42,119.9,14,"Drama, Sci-Fi",2,0.88,5
USR-2508,45.94,118.4,34,"Action, Thriller",2,0.38,5
USR-2509,32.88,113.0,21,Drama,3,0.8,0
USR-2510,45.5,133.2,24,Drama,2,0.87,2
USR-2511,6.65,19.7,34,"Comedy, Romance",1,0.42,2
USR-2512,37.5,83.5,62,"Documentary, Sci-Fi, Drama",3,0.43,0
USR-2513,53.29,111.9,19,Drama,3,0.76,0
USR-2514,34.16,146.8,9,"Drama, Sci-Fi",3,0.87,2
USR-2515,34.8,121.6,16,"Drama, Sci-Fi",2,0.8,3
USR-2516,15.43,28.3,24,Comedy,1,0.33,8
USR-2517,15.52,29.1,28,Romance,1,0.27,1
USR-2518,59.58,102.3,37,"Action, Thriller",2,0.38,1
USR-2519,10.79,27.8,18,Animation,2,0.25,1
USR-2520,3.04,12.2,3,Horror,1,0.57,45
USR-2521,37.9,120.3,20,"Drama, Sci-Fi",3,0.78,7
USR-2522,54.99,83.5,29,"Action, Thriller",2,0.56,8
USR-2523,12.98,24.1,13,Animation,1,0.28,2
USR-2524,41.02,125.0,17,"Sci-Fi, Thriller",3,0.93,9
USR-2525,12.32,33.4,31,Comedy,2,0.38,1
USR-2526,11.33,21.9,26,Animation,1,0.31,4
USR-2527,28.46,118.1,24,"Sci-Fi, Thriller",3,0.8,3
USR-2528,50.48,127.3,24,"Drama, Sci-Fi",2,0.73,1
USR-2529,42.5,111.4,16,Drama,2,0.82,1
USR-2530,57.22,111.0,34,"Action, Thriller",1,0.33,2
USR-2531,16.39,21.7,44,Animation,1,0.43,4
USR-2532,40.55,74.1,35,"Action, Thriller",2,0.35,2
USR-2533,45.48,49.4,60,"Sci-Fi, Documentary, Drama, Animation, Romance",5,0.62,1
USR-2534,2.1,15.8,2,Comedy,1,0.25,24
USR-2535,34.05,77.0,47,"Sci-Fi, Documentary, Action, Thriller",4,0.6,10
USR-2536,36.36,113.0,22,Drama,3,0.92,0
USR-2537,16.51,21.1,38,Romance,1,0.27,1
USR-2538,13.09,18.9,32,Romance,1,0.2,2
USR-2539,11.94,17.3,27,"Comedy, Romance",1,0.56,14
USR-2540,17.75,14.0,34,Animation,1,0.25,3
USR-2541,5.27,29.4,19,Comedy,1,0.49,13
USR-2542,7.67,21.5,26,Animation,1,0.39,0
USR-2543,12.72,24.6,36,Romance,2,0.39,23
USR-2544,9.81,28.8,24,Comedy,1,0.37,6
USR-2545,49.56,99.6,23,"Drama, Sci-Fi",2,0.87,0
USR-2546,18.99,18.5,26,"Comedy, Romance",1,0.29,0
USR-2547,47.09,86.5,28,"Action, Thriller",2,0.53,0
USR-2548,18.92,25.7,26,Romance,1,0.29,9
USR-2549,9.05,19.2,40,Comedy,1,0.47,10
USR-2550,14.29,18.2,24,Comedy,1,0.39,3
USR-2551,60.47,87.5,48,"Action, Thriller",2,0.51,4
USR-2552,42.13,70.5,23,"Action, Thriller",2,0.33,4
USR-2553,65.73,67.9,33,"Action, Thriller",3,0.58,5
USR-2554,37.59,58.8,59,"Documentary, Thriller, Horror, Romance, Comedy",5,0.49,1
USR-2555,35.4,59.6,49,"Comedy, Documentary, Drama, Animation",4,0.4,1
USR-2556,46.02,72.7,36,"Drama, Action, Documentary, Thriller",4,0.52,2
USR-2557,47.2,100.3,31,"Action, Thriller",2,0.42,2
USR-2558,13.34,23.0,28,Animation,1,0.45,7
USR-2559,57.46,78.3,36,"Animation, Comedy, Action",3,0.46,1
USR-2560,4.88,27.3,25,Animation,1,0.1,2
USR-2561,34.16,112.1,13,"Drama, Sci-Fi",3,0.82,11
USR-2562,50.54,92.6,26,"Action, Thriller",2,0.44,2
USR-2563,43.72,65.8,43,"Action, Thriller",2,0.39,1
USR-2564,4.03,17.9,8,Thriller,1,0.13,48
USR-2565,50.37,74.0,57,"Comedy, Sci-Fi, Romance, Action",4,0.57,2
USR-2566,5.6,15.4,1,Thriller,1,0.18,27
USR-2567,67.58,95.3,48,"Action, Thriller",1,0.42,0
USR-2568,38.53,82.4,45,"Action, Thriller",2,0.37,0
USR-2569,47.44,119.2,25,Drama,2,0.72,3
USR-2570,39.32,70.9,40,"Animation, Comedy, Documentary",3,0.46,5
USR-2571,58.3,70.3,49,"Action, Thriller",1,0.4,3
USR-2572,31.88,140.5,21,"Drama, Sci-Fi",3,0.88,4
USR-2573,14.08,25.0,32,Romance,1,0.38,26
USR-2574,54.7,45.3,25,"Documentary, Romance, Action",3,0.5,0
USR-2575,16.05,24.4,31,"Comedy, Romance",1,0.17,14
USR-2576,12.38,21.0,25,"Comedy, Romance",2,0.38,1
USR-2577,38.99,98.1,36,"Action, Thriller",3,0.46,0
USR-2578,79.49,111.4,44,"Action, Thriller",2,0.53,0
USR-2579,51.83,87.9,36,"Thriller, Action, Horror, Documentary",4,0.68,3
USR-2580,13.39,29.9,26,Romance,1,0.16,1
USR-2581,57.49,97.3,40,"Action, Thriller",2,0.65,2
USR-2582,13.76,20.1,26,Animation,2,0.32,13
USR-2583,71.08,93.8,39,"Action, Thriller",2,0.5,0
USR-2584,13.73,10.3,39,"Comedy, Romance",2,0.18,10
USR-2585,39.95,80.0,41,"Action, Thriller",2,0.27,2
USR-2586,9.89,23.3,18,Animation,1,0.39,4
USR-2587,26.46,85.0,43,"Action, Thriller",3,0.45,0
USR-2588,9.82,31.0,23,"Comedy, Romance",1,0.38,30
USR-2589,15.07,20.5,33,Romance,2,0.26,7
USR-2590,74.77,93.5,34,"Action, Thriller",2,0.33,6
USR-2591,63.47,111.3,34,"Action, Thriller",2,0.53,10
USR-2592,34.79,140.3,25,"Drama, Sci-Fi",2,0.89,2
USR-2593,71.54,84.5,35,"Action, Thriller",1,0.46,2
USR-2594,55.45,89.6,47,"Action, Thriller",1,0.45,1
USR-2595,36.08,103.5,20,"Drama, Sci-Fi",3,0.76,5
USR-2596,8.66,23.5,31,Romance,2,0.42,1
USR-2597,69.59,74.2,30,"Action, Thriller",2,0.52,4
USR-2598,45.79,111.7,32,"Action, Thriller",2,0.5,3
USR-2599,16.0,71.7,40,"Horror, Documentary, Thriller, Animation",4,0.59,7
USR-2600,51.71,72.8,55,"Thriller, Comedy, Romance",3,0.61,13
USR-2601,21.54,36.6,34,Comedy,1,0.4,25
USR-2602,19.89,138.6,19,"Drama, Sci-Fi",2,0.76,9
USR-2603,24.62,50.3,60,"Romance, Drama, Animation, Action, Comedy",5,0.35,2
USR-2604,2.35,21.8,7,Documentary,1,0.04,20
USR-2605,43.81,136.4,22,Drama,3,0.79,2
USR-2606,36.16,95.5,20,"Sci-Fi, Thriller",2,0.75,0
USR-2607,56.77,122.2,30,"Action, Thriller",2,0.31,13
USR-2608,58.59,61.9,57,"Comedy, Horror, Action, Sci-Fi",4,0.36,5
USR-2609,20.24,21.7,25,"Comedy, Romance",1,0.42,7
USR-2610,10.45,34.4,23,Animation,1,0.37,58
USR-2611,3.3,32.8,25,"Comedy, Romance",1,0.27,6
USR-2612,54.45,89.1,39,"Action, Thriller",2,0.24,0
USR-2613,47.79,47.4,46,"Sci-Fi, Action, Comedy",3,0.56,2
USR-2614,9.6,20.9,26,Romance,2,0.37,3
USR-2615,71.01,73.2,52,"Action, Thriller",2,0.38,0
USR-2616,14.5,25.4,28,Romance,2,0.35,20
USR-2617,42.1,124.7,26,"Drama, Sci-Fi",3,0.83,5
USR-2618,33.15,86.6,53,"Action, Thriller",2,0.34,5
USR-2619,69.95,82.2,15,"Action, Thriller",1,0.52,4
USR-2620,4.52,19.7,1,Thriller,1,0.26,30
USR-2621,8.73,29.6,38,"Comedy, Romance",1,0.36,14
USR-2622,34.85,104.6,29,"Action, Thriller",1,0.36,1
USR-2623,44.99,111.3,36,"Action, Thriller",3,0.31,3
USR-2624,14.92,30.1,27,"Comedy, Romance",2,0.37,4
USR-2625,66.61,108.8,34,"Action, Thriller",2,0.5,0
USR-2626,43.16,121.6,21,"Sci-Fi, Thriller",3,0.81,6
USR-2627,47.86,85.6,26,"Action, Thriller",2,0.5,6
USR-2628,4.04,32.8,26,Animation,1,0.29,14
USR-2629,61.99,83.4,15,"Drama, Sci-Fi",3,0.78,2
USR-2630,22.82,66.1,34,"Sci-Fi, Documentary, Horror, Drama, Comedy",5,0.41,0
USR-2631,57.71,83.2,57,"Action, Thriller",2,0.46,1
USR-2632,35.46,145.0,17,"Sci-Fi, Thriller",2,0.78,5
USR-2633,56.42,85.9,18,"Action, Thriller",2,0.59,3
USR-2634,70.33,93.1,45,"Action, Thriller",3,0.38,5
USR-2635,49.12,133.8,18,Drama,2,0.93,0
USR-2636,14.33,24.9,34,"Comedy, Romance",2,0.11,6
USR-2637,42.54,79.4,37,"Action, Thriller",2,0.21,4
USR-2638,53.13,96.6,43,"Action, Thriller",3,0.34,1
USR-2639,42.97,128.5,23,Drama,3,0.89,2
USR-2640,47.68,89.2,40,"Action, Thriller",2,0.28,3
USR-2641,60.39,62.4,39,"Horror, Documentary, Comedy, Romance, Sci-Fi",5,0.61,0
USR-2642,40.22,84.1,35,"Action, Thriller",2,0.32,0
USR-2643,47.87,97.0,22,"Drama, Sci-Fi",2,0.84,6
USR-2644,11.1,18.6,26,Comedy,1,0.31,0
USR-2645,10.28,17.5,30,Comedy,1,0.22,8
USR-2646,10.69,29.8,29,Animation,1,0.25,5
USR-2647,43.88,73.3,47,"Romance, Comedy, Thriller, Sci-Fi",4,0.55,0
USR-2648,78.53,130.1,47,"Action, Thriller",3,0.5,6
USR-2649,40.35,77.9,36,"Action, Thriller",2,0.32,0
USR-2650,48.93,115.2,9,"Sci-Fi, Thriller",3,0.82,5
USR-2651,62.25,59.9,46,"Drama, Documentary, Action, Comedy",4,0.41,7
USR-2652,13.26,34.4,32,"Comedy, Romance",1,0.45,9
USR-2653,0.1,13.0,1,Documentary,1,0.01,49
USR-2654,36.58,94.4,45,"Animation, Drama, Comedy, Sci-Fi",4,0.52,2
USR-2655,55.23,94.1,42,"Action, Thriller",2,0.32,5
USR-2656,12.06,25.4,35,Romance,1,0.27,4
USR-2657,73.31,113.1,42,"Action, Thriller",2,0.42,0
USR-2658,62.07,101.4,40,"Action, Thriller",2,0.57,10
USR-2659,44.37,79.5,28,"Sci-Fi, Thriller",2,0.75,3
USR-2660,39.54,56.9,37,"Animation, Sci-Fi, Drama, Documentary",4,0.6,1
USR-2661,43.07,114.6,44,"Action, Thriller",1,0.37,0
USR-2662,46.43,80.2,32,"Action, Thriller",3,0.49,0
USR-2663,65.82,113.6,49,"Action, Thriller",3,0.38,2
USR-2664,9.3,19.3,25,Animation,1,0.45,9
USR-2665,52.88,136.8,21,"Sci-Fi, Thriller",3,0.77,2
USR-2666,57.46,84.1,45,"Action, Thriller",2,0.4,2
USR-2667,2.08,18.9,5,Action,1,0.4,24
USR-2668,45.18,106.4,27,"Action, Thriller",2,0.51,0
USR-2669,14.99,29.6,32,Animation,2,0.35,5
USR-2670,27.77,90.7,14,"Sci-Fi, Thriller",3,0.89,3
USR-2671,70.84,100.8,33,"Action, Thriller",3,0.29,1
USR-2672,58.47,68.6,36,"Action, Thriller",2,0.5,3
USR-2673,28.7,126.4,14,"Drama, Sci-Fi",3,0.96,0
USR-2674,3.38,9.2,4,Documentary,1,0.14,30
USR-2675,53.97,129.4,26,"Sci-Fi, Thriller",2,0.94,7
USR-2676,66.45,87.3,37,"Action, Thriller",3,0.25,2
USR-2677,34.29,111.0,19,"Sci-Fi, Thriller",3,0.67,1
USR-2678,3.05,16.1,5,Horror,1,0.61,53
USR-2679,33.17,30.2,49,"Romance, Comedy, Documentary, Thriller, Sci-Fi",5,0.44,3
USR-2680,66.81,76.3,30,"Action, Thriller",1,0.56,3
USR-2681,28.3,120.2,22,Drama,3,0.88,0
USR-2682,40.82,104.4,25,"Drama, Sci-Fi",2,0.81,0
USR-2683,6.62,23.7,20,"Comedy, Romance",1,0.39,13
USR-2684,13.92,19.3,21,Animation,1,0.45,0
USR-2685,62.35,81.9,28,"Action, Thriller",2,0.51,8
USR-2686,70.17,130.9,27,"Action, Thriller",3,0.54,1
USR-2687,7.1,17.1,18,"Comedy, Romance",1,0.29,7
USR-2688,32.35,100.5,50,"Action, Thriller",3,0.33,1
USR-2689,1.28,19.6,6,Comedy,1,0.12,37
USR-2690,70.78,95.0,45,"Action, Thriller",2,0.44,0
USR-2691,45.72,47.6,38,"Documentary, Horror, Sci-Fi",3,0.5,4
USR-2692,37.88,105.9,30,"Action, Thriller",2,0.71,0
USR-2693,24.07,131.8,17,"Drama, Sci-Fi",2,0.86,2
USR-2694,5.81,17.7,23,Romance,2,0.38,5
USR-2695,59.32,148.6,23,"Drama, Sci-Fi",3,0.66,4
USR-2696,28.43,134.8,30,"Drama, Sci-Fi",2,0.73,10
USR-2697,62.08,112.1,40,"Action, Thriller",3,0.43,1
USR-2698,44.35,79.2,43,"Action, Thriller",2,0.46,4
USR-2699,16.51,20.3,31,"Comedy, Romance",1,0.45,0
USR-2700,40.63,112.5,18,"Sci-Fi, Thriller",2,0.89,7
USR-2701,14.16,29.7,26,Romance,1,0.41,13
USR-2702,18.5,26.2,31,Romance,1,0.47,2
USR-2703,62.38,95.4,31,"Action, Thriller",2,0.46,1
USR-2704,48.58,119.8,18,Drama,2,0.73,5
USR-2705,60.44,108.7,27,"Action, Thriller",2,0.51,0
USR-2706,52.28,105.7,19,"Drama, Sci-Fi",2,0.71,0
USR-2707,16.86,23.9,24,Romance,1,0.43,0
USR-2708,60.99,82.2,25,"Action, Thriller",1,0.43,1
USR-2709,33.48,58.8,57,"Documentary, Romance, Action",3,0.24,1
USR-2710,2.66,28.7,32,Comedy,1,0.52,2
USR-2711,56.66,112.5,24,"Drama, Sci-Fi",2,0.77,5
USR-2712,12.64,66.9,43,"Animation, Documentary, Horror, Drama, Thriller",5,0.52,3
USR-2713,12.32,27.3,26,"Comedy, Romance",1,0.31,11
USR-2714,12.81,22.3,20,Animation,2,0.27,21
USR-2715,57.86,105.6,46,"Action, Thriller",2,0.32,0
USR-2716,11.66,16.0,34,Romance,1,0.3,10
USR-2717,16.11,31.4,30,Animation,2,0.23,4
USR-2718,59.98,100.5,22,"Drama, Sci-Fi",3,0.75,3
USR-2719,37.15,148.2,21,Drama,3,0.8,0
USR-2720,62.97,108.4,34,"Action, Thriller",1,0.26,0
USR-2721,11.69,32.6,34,"Comedy, Romance",2,0.37,15
USR-2722,60.58,61.9,45,"Documentary, Action, Horror, Thriller",4,0.41,1
USR-2723,60.61,88.2,32,"Action, Thriller",2,0.44,1
USR-2724,12.7,25.1,33,Animation,2,0.41,10
USR-2725,55.17,116.2,34,"Action, Thriller",1,0.62,2
USR-2726,16.2,25.3,27,Comedy,1,0.45,0
USR-2727,9.26,19.3,18,Animation,1,0.33,6
USR-2728,54.12,86.8,29,"Action, Thriller",3,0.44,1
USR-2729,0.94,17.6,6,Drama,1,0.23,23
USR-2730,6.56,24.9,35,"Comedy, Romance",1,0.34,15
USR-2731,60.37,90.9,45,"Action, Thriller",3,0.37,0
USR-2732,2.5,19.4,6,Comedy,1,0.03,27
USR-2733,1.69,17.2,5,Sci-Fi,1,0.1,55
USR-2734,9.65,27.8,34,Romance,1,0.43,13
USR-2735,61.24,47.2,22,"Action, Thriller",2,0.52,1
USR-2736,47.44,137.1,17,"Sci-Fi, Thriller",3,0.85,6
USR-2737,21.03,30.3,24,Romance,1,0.37,0
USR-2738,44.14,102.4,25,"Sci-Fi, Thriller",3,0.84,2
USR-2739,3.46,20.2,9,Animation,1,0.11,48
USR-2740,37.57,148.1,20,"Drama, Sci-Fi",2,0.72,9
USR-2741,47.46,58.5,45,"Documentary, Action, Thriller, Drama, Sci-Fi",5,0.54,2
USR-2742,12.03,21.9,28,Animation,2,0.3,7
USR-2743,9.94,22.8,32,Romance,1,0.46,4
USR-2744,12.44,24.6,23,"Comedy, Romance",1,0.47,8
USR-2745,35.33,111.8,16,Drama,3,0.7,2
USR-2746,15.33,19.0,25,Romance,1,0.49,1
USR-2747,67.82,103.7,50,"Action, Thriller",2,0.41,2
USR-2748,29.26,131.9,17,"Sci-Fi, Thriller",3,0.67,1
USR-2749,45.45,79.6,33,"Action, Thriller",2,0.62,1
USR-2750,48.34,81.9,47,"Romance, Documentary, Thriller",3,0.68,1
USR-2751,27.78,71.3,47,"Horror, Thriller, Comedy, Romance, Drama",5,0.42,2
USR-2752,35.5,55.1,26,"Action, Thriller",3,0.58,1
USR-2753,14.82,18.6,26,"Comedy, Romance",1,0.29,15
USR-2754,14.12,22.8,33,Comedy,2,0.31,5
USR-2755,4.6,15.7,6,Animation,1,0.3,29
USR-2756,47.56,50.4,37,"Romance, Animation, Thriller",3,0.53,0
USR-2757,61.15,74.5,23,"Comedy, Thriller, Sci-Fi",3,0.55,0
USR-2758,36.75,114.7,25,Drama,2,0.74,0
USR-2759,5.38,21.3,3,Animation,1,0.31,56
USR-2760,35.34,90.1,26,"Sci-Fi, Thriller",2,0.72,0
USR-2761,15.45,8.1,33,"Comedy, Romance",1,0.47,1
USR-2762,42.06,110.9,32,"Sci-Fi, Thriller",3,0.79,2
USR-2763,1.51,17.4,1,Documentary,1,0.32,45
USR-2764,65.58,97.0,45,"Action, Thriller",2,0.44,3
USR-2765,14.69,22.5,34,Comedy,2,0.41,3
USR-2766,2.05,13.2,1,Thriller,1,0.22,51
USR-2767,14.68,27.9,28,Romance,1,0.42,1
USR-2768,6.07,19.4,28,Animation,2,0.28,9
USR-2769,23.01,117.3,32,"Drama, Sci-Fi",3,0.74,2
USR-2770,49.01,77.3,56,"Action, Thriller, Sci-Fi",3,0.39,1
USR-2771,3.18,18.4,1,Action,1,0.49,33
USR-2772,55.42,103.7,31,"Action, Thriller",1,0.47,2
USR-2773,62.7,66.2,50,"Animation, Action, Drama",3,0.37,1
USR-2774,3.41,25.0,4,Documentary,1,0.03,38
USR-2775,19.95,26.4,34,Animation,1,0.26,0
USR-2776,16.76,16.5,42,Animation,2,0.44,0
USR-2777,3.23,17.0,1,Animation,1,0.35,22
USR-2778,8.49,30.5,17,Comedy,1,0.4,3
USR-2779,43.73,70.7,36,"Action, Thriller",1,0.47,2
USR-2780,47.19,72.7,35,"Action, Thriller",3,0.44,0
USR-2781,41.86,126.7,27,Drama,3,0.8,7
USR-2782,57.57,102.7,35,"Action, Thriller",3,0.42,0
USR-2783,35.67,165.2,26,Drama,2,0.68,0
USR-2784,49.36,74.0,33,"Action, Thriller",2,0.55,0
USR-2785,13.31,27.7,33,Animation,2,0.23,5
USR-2786,46.29,119.0,24,"Sci-Fi, Thriller",3,0.77,4
USR-2787,58.89,60.4,37,"Action, Thriller",3,0.65,0
USR-2788,7.56,29.0,25,Comedy,1,0.37,3
USR-2789,30.76,115.3,24,"Sci-Fi, Thriller",2,0.84,12
USR-2790,40.59,77.4,34,"Action, Thriller",2,0.39,6
USR-2791,2.79,24.9,6,Documentary,1,0.32,49
USR-2792,11.74,26.2,28,Animation,2,0.24,26
USR-2793,62.02,74.7,32,"Action, Thriller",2,0.44,4
USR-2794,1.31,55.3,30,"Comedy, Thriller, Animation",3,0.55,2
USR-2795,38.59,110.1,30,"Sci-Fi, Thriller",3,0.79,5
USR-2796,14.71,24.9,27,"Comedy, Romance",1,0.38,2
USR-2797,14.34,19.3,20,"Comedy, Romance",1,0.23,0
USR-2798,12.0,29.2,36,"Comedy, Romance",1,0.5,11
USR-2799,38.5,69.3,43,"Animation, Action, Drama",3,0.51,2
USR-2800,12.85,28.1,32,"Comedy, Romance",1,0.59,3
USR-2801,62.07,75.6,31,"Action, Thriller",2,0.5,6
USR-2802,28.5,80.8,50,"Documentary, Sci-Fi, Comedy, Action",4,0.45,0
USR-2803,57.34,119.6,29,"Action, Thriller",1,0.38,11
USR-2804,56.02,63.0,56,"Comedy, Horror, Romance, Thriller",4,0.6,2
USR-2805,66.52,94.5,48,"Action, Thriller",3,0.42,0
USR-2806,41.42,135.7,18,"Drama, Sci-Fi",3,0.78,6
USR-2807,42.44,62.3,45,"Comedy, Horror, Animation",3,0.4,1
USR-2808,47.61,93.2,31,"Drama, Sci-Fi",2,0.87,4
USR-2809,46.09,74.5,40,"Action, Thriller",2,0.48,5
USR-2810,4.3,28.6,26,"Comedy, Romance",1,0.2,5
USR-2811,14.99,20.3,31,"Comedy, Romance",2,0.41,6
USR-2812,71.99,40.7,48,"Animation, Documentary, Comedy, Action, Sci-Fi",5,0.53,1
USR-2813,15.45,18.8,30,"Comedy, Romance",1,0.5,3
USR-2814,45.8,117.9,20,"Sci-Fi, Thriller",2,0.88,4
USR-2815,27.8,107.7,19,"Drama, Sci-Fi",2,0.87,0
USR-2816,9.73,28.4,37,"Comedy, Romance",2,0.37,5
USR-2817,4.83,10.4,4,Horror,1,0.24,37
USR-2818,35.25,54.3,36,"Thriller, Sci-Fi, Documentary",3,0.37,3
USR-2819,47.89,142.2,26,"Sci-Fi, Thriller",2,0.63,0
USR-2820,41.84,127.4,4,"Drama, Sci-Fi",3,0.65,7
USR-2821,73.36,95.5,31,"Action, Thriller",2,0.49,5
USR-2822,17.31,23.0,26,"Comedy, Romance",1,0.33,0
USR-2823,47.08,98.5,11,"Drama, Sci-Fi",3,0.64,2
USR-2824,80.81,96.4,41,"Action, Thriller",2,0.39,3
USR-2825,5.03,29.3,16,"Comedy, Romance",1,0.27,1
USR-2826,38.97,136.0,11,"Sci-Fi, Thriller",2,0.79,1
USR-2827,67.41,85.6,25,"Action, Thriller",2,0.51,1
USR-2828,75.9,101.8,43,"Action, Thriller",2,0.59,2
USR-2829,50.65,146.2,14,"Sci-Fi, Thriller",2,0.82,8
USR-2830,52.02,104.7,27,"Action, Thriller",2,0.34,2
USR-2831,8.18,36.3,33,Comedy,2,0.51,0
USR-2832,7.41,17.7,17,Romance,1,0.35,22
USR-2833,0.98,24.8,1,Documentary,1,0.5,52
USR-2834,68.93,110.7,30,"Action, Thriller",2,0.42,7
USR-2835,51.66,91.5,43,"Documentary, Romance, Comedy, Animation, Drama",5,0.62,4
USR-2836,58.38,88.2,28,"Action, Thriller",1,0.52,10
USR-2837,5.77,29.2,23,Romance,2,0.41,5
USR-2838,7.14,22.3,30,"Comedy, Romance",1,0.3,9
USR-2839,12.72,19.8,30,Animation,2,0.33,11
USR-2840,2.68,16.2,9,Drama,1,0.13,46
USR-2841,78.75,60.4,44,"Action, Thriller",2,0.37,10
USR-2842,5.54,26.4,26,"Comedy, Romance",1,0.34,1
USR-2843,8.51,28.2,12,"Comedy, Romance",2,0.16,12
USR-2844,10.24,27.6,23,Animation,1,0.43,8
USR-2845,0.54,16.2,4,Animation,1,0.13,20
USR-2846,2.03,24.6,5,Documentary,1,0.25,31
USR-2847,59.25,118.4,46,"Action, Thriller",2,0.51,0
USR-2848,15.32,75.6,67,"Animation, Horror, Sci-Fi",3,0.59,0
USR-2849,11.39,26.2,17,Animation,1,0.27,13
USR-2850,55.99,75.2,40,"Action, Thriller",2,0.33,1
USR-2851,19.07,56.1,53,"Romance, Horror, Sci-Fi",3,0.31,0
USR-2852,45.0,102.5,25,"Action, Thriller",3,0.36,0
USR-2853,7.62,17.8,32,Romance,2,0.37,2
USR-2854,52.47,101.5,25,"Action, Thriller",3,0.39,0
USR-2855,36.75,143.9,14,"Sci-Fi, Thriller",2,0.92,0
USR-2856,2.44,12.3,4,Action,1,0.33,39
USR-2857,7.03,32.6,35,Animation,1,0.27,8
USR-2858,16.94,16.5,23,"Comedy, Romance",1,0.28,36
USR-2859,66.22,93.4,40,"Action, Thriller",2,0.49,0
USR-2860,69.72,53.2,49,"Animation, Horror, Documentary, Comedy, Action",5,0.43,0
USR-2861,45.98,67.9,49,"Documentary, Drama, Animation, Thriller",4,0.36,0
USR-2862,16.56,26.2,31,Animation,1,0.35,10
USR-2863,29.66,103.4,34,"Sci-Fi, Thriller",3,0.72,6
USR-2864,19.19,62.7,39,"Action, Thriller",2,0.43,11
USR-2865,68.59,84.6,22,"Action, Thriller",3,0.4,6
USR-2866,11.38,25.1,29,"Comedy, Romance",1,0.4,4
USR-2867,29.61,97.3,18,Drama,3,0.72,2
USR-2868,10.12,24.6,28,Comedy,1,0.45,1
USR-2869,15.82,22.5,29,Romance,2,0.33,4
USR-2870,49.08,108.2,41,"Action, Thriller",3,0.5,0
USR-2871,34.9,95.2,28,"Action, Thriller",2,0.44,0
USR-2872,46.8,65.8,40,"Horror, Drama, Action",3,0.61,2
USR-2873,14.6,16.8,20,Animation,2,0.37,14
USR-2874,14.35,30.2,21,"Comedy, Romance",2,0.34,6
USR-2875,39.62,73.2,28,"Action, Thriller",2,0.32,5
USR-2876,22.02,100.4,20,"Sci-Fi, Thriller",3,0.79,2
USR-2877,34.24,49.0,52,"Animation, Romance, Action, Thriller",4,0.5,5
USR-2878,4.0,20.2,3,Drama,1,0.59,34
USR-2879,13.73,24.2,34,Comedy,1,0.43,20
USR-2880,12.39,24.1,37,Animation,1,0.27,0
USR-2881,68.67,85.4,36,"Action, Thriller",2,0.34,0
USR-2882,12.1,30.3,30,Animation,1,0.25,6
USR-2883,8.35,17.4,32,Romance,2,0.27,6
USR-2884,35.63,65.9,58,"Action, Animation, Comedy",3,0.48,0
USR-2885,37.44,104.3,43,"Action, Thriller",3,0.39,3
USR-2886,12.14,24.9,28,"Comedy, Romance",2,0.28,1
USR-2887,42.78,137.3,21,Drama,2,0.8,2
USR-2888,12.85,31.7,13,"Comedy, Romance",1,0.45,0
USR-2889,44.9,67.7,55,"Comedy, Sci-Fi, Action, Romance",4,0.41,1
USR-2890,65.57,83.5,17,"Action, Thriller",2,0.45,0
USR-2891,63.79,67.0,41,"Action, Thriller",3,0.5,1
USR-2892,38.57,99.1,16,"Sci-Fi, Thriller",2,0.73,3
USR-2893,16.98,28.0,21,"Comedy, Romance",1,0.19,2
USR-2894,51.19,72.3,22,"Action, Thriller",2,0.46,2
USR-2895,49.16,138.8,17,"Sci-Fi, Thriller",2,0.78,14
USR-2896,9.72,22.1,25,Comedy,2,0.3,10
USR-2897,45.77,87.6,45,"Action, Thriller",1,0.49,1
USR-2898,4.69,19.3,5,Sci-Fi,1,0.26,42
USR-2899,52.6,153.5,15,"Drama, Sci-Fi",3,0.88,8
USR-2900,50.52,139.9,16,"Sci-Fi, Thriller",2,0.92,0
USR-2901,13.12,29.4,23,Animation,1,0.4,12
USR-2902,66.97,100.2,19,"Action, Thriller",1,0.39,4
USR-2903,6.49,17.8,39,"Comedy, Romance",2,0.35,1
USR-2904,51.57,145.3,18,Drama,3,0.74,0
USR-2905,64.16,68.3,40,"Documentary, Thriller, Sci-Fi, Action, Horror",5,0.59,0
USR-2906,12.41,23.4,28,Romance,2,0.37,4
USR-2907,31.31,151.3,27,"Sci-Fi, Thriller",2,0.71,4
USR-2908,8.14,19.4,20,"Comedy, Romance",1,0.36,9
USR-2909,37.11,163.8,19,"Sci-Fi, Thriller",2,0.89,10
USR-2910,1.8,20.0,31,"Comedy, Romance",2,0.32,6
USR-2911,6.09,21.9,22,Animation,1,0.19,4
USR-2912,9.9,22.9,23,Animation,1,0.38,18
USR-2913,6.98,22.6,37,Romance,2,0.41,1
USR-2914,7.35,19.2,26,Comedy,1,0.46,8
USR-2915,9.54,32.7,22,Romance,2,0.33,1
USR-2916,37.24,141.5,16,"Sci-Fi, Thriller",2,0.73,3
USR-2917,52.03,130.1,17,"Sci-Fi, Thriller",3,0.93,11
USR-2918,37.96,72.1,36,"Action, Thriller",2,0.17,1
USR-2919,13.22,26.7,23,Romance,1,0.24,1
USR-2920,8.79,28.1,23,Animation,2,0.39,27
USR-2921,63.35,78.5,19,"Action, Thriller",2,0.5,0
USR-2922,10.95,32.0,33,Romance,1,0.47,6
USR-2923,45.29,123.4,12,"Drama, Sci-Fi",2,0.73,3
USR-2924,67.49,77.5,62,"Drama, Comedy, Romance, Action, Thriller",5,0.64,0
USR-2925,50.84,110.6,29,"Action, Thriller",2,0.53,0
USR-2926,37.99,146.6,21,"Drama, Sci-Fi",2,0.79,12
USR-2927,49.62,99.4,24,"Action, Thriller",2,0.51,3
USR-2928,1.1,26.7,6,Romance,1,0.09,53
USR-2929,84.62,99.3,46,"Action, Thriller",2,0.33,0
USR-2930,4.75,13.1,9,Sci-Fi,1,0.26,20
USR-2931,1.09,14.0,3,Animation,1,0.18,33
USR-2932,8.59,17.2,20,Romance,2,0.27,1
USR-2933,39.93,136.4,16,"Drama, Sci-Fi",2,0.82,1
USR-2934,1.45,6.6,5,Action,1,0.53,23
USR-2935,43.97,135.7,15,"Sci-Fi, Thriller",3,0.78,2
USR-2936,44.28,100.1,12,"Sci-Fi, Thriller",2,0.71,0
USR-2937,11.18,25.4,18,Romance,2,0.42,3
USR-2938,32.25,110.9,21,Drama,3,0.73,3
USR-2939,57.66,75.2,32,"Action, Thriller",1,0.34,1
USR-2940,47.93,87.1,42,"Drama, Animation, Sci-Fi, Romance",4,0.4,1
USR-2941,26.73,69.2,62,"Animation, Thriller, Action, Romance",4,0.54,2
USR-2942,13.59,28.7,26,Comedy,1,0.22,12
USR-2943,10.66,30.4,19,Romance,1,0.25,15
USR-2944,63.76,53.7,61,"Action, Animation, Romance",3,0.46,1
USR-2945,34.74,82.9,25,Drama,2,0.86,0
USR-2946,15.14,24.1,31,"Comedy, Romance",1,0.33,10
USR-2947,17.58,31.8,23,"Comedy, Romance",1,0.34,9
USR-2948,85.16,107.9,35,"Action, Thriller",2,0.37,0
USR-2949,64.83,69.1,50,"Sci-Fi, Horror, Documentary, Action, Animation",5,0.44,0
USR-2950,13.44,19.1,30,"Comedy, Romance",1,0.37,10
USR-2951,47.57,65.2,45,"Documentary, Romance, Comedy, Action",4,0.68,2
USR-2952,25.75,117.5,21,"Drama, Sci-Fi",2,0.86,2
USR-2953,12.53,31.2,38,"Comedy, Romance",1,0.44,3
USR-2954,13.19,29.8,21,Romance,1,0.35,55
USR-2955,23.92,79.9,31,"Action, Thriller",2,0.47,1
USR-2956,2.53,23.4,4,Documentary,1,0.46,21
USR-2957,25.54,59.4,48,"Documentary, Action, Drama",3,0.4,2
USR-2958,40.3,134.6,12,Drama,2,0.79,7
USR-2959,32.81,104.7,21,"Sci-Fi, Thriller",2,0.88,6
USR-2960,19.16,22.6,30,Romance,1,0.36,2
USR-2961,51.68,86.6,28,"Action, Thriller",3,0.59,0
USR-2962,57.92,109.8,24,"Sci-Fi, Thriller",3,0.96,1
USR-2963,71.55,55.3,25,"Action, Thriller",2,0.38,1
USR-2964,47.08,135.1,25,"Sci-Fi, Thriller",2,0.64,3
USR-2965,47.9,109.1,19,Drama,3,0.84,11
USR-2966,42.71,96.8,25,"Drama, Sci-Fi",2,0.81,7
USR-2967,11.04,31.9,35,Comedy,1,0.39,7
USR-2968,68.35,74.3,29,"Action, Thriller",2,0.48,0
USR-2969,8.09,24.4,31,Romance,1,0.4,0
USR-2970,54.37,130.4,13,Drama,3,0.95,0
USR-2971,48.46,63.5,43,"Sci-Fi, Thriller, Romance, Animation, Drama",5,0.47,0
USR-2972,70.1,98.9,26,"Action, Thriller",2,0.41,4
USR-2973,39.14,57.1,40,"Thriller, Action, Romance",3,0.48,1
USR-2974,11.93,18.6,30,Comedy,1,0.52,11
USR-2975,41.4,68.3,57,"Sci-Fi, Drama, Comedy, Romance",4,0.54,3
USR-2976,21.96,104.3,29,"Action, Thriller",1,0.35,1
USR-2977,53.28,44.2,37,"Action, Thriller",2,0.46,6
USR-2978,17.67,31.5,23,"Comedy, Romance",1,0.55,2
USR-2979,29.29,87.5,21,"Drama, Sci-Fi",2,0.81,7
USR-2980,9.36,31.5,25,Romance,2,0.47,1
USR-2981,12.3,13.7,26,Comedy,1,0.25,11
USR-2982,8.89,16.6,21,Comedy,2,0.48,9
USR-2983,63.96,63.8,39,"Sci-Fi, Romance, Documentary, Thriller",4,0.42,0
USR-2984,38.05,94.5,40,"Action, Thriller",2,0.39,3
USR-2985,7.77,26.1,17,Romance,1,0.26,6
USR-2986,22.27,28.0,33,"Comedy, Romance",2,0.44,2
USR-2987,49.97,58.7,42,"Thriller, Documentary, Horror, Action",4,0.51,0
USR-2988,17.33,35.1,28,Romance,2,0.41,0
USR-2989,3.12,8.3,5,Animation,1,0.27,57
USR-2990,63.01,109.8,45,"Action, Thriller",2,0.52,1
USR-2991,14.77,25.9,29,Animation,1,0.39,0
USR-2992,5.39,12.8,4,Animation,1,0.1,42
USR-2993,49.39,80.4,39,"Action, Thriller",3,0.47,1
USR-2994,11.8,24.9,22,"Comedy, Romance",1,0.22,0
USR-2995,29.29,72.4,15,"Drama, Sci-Fi",2,0.61,2
USR-2996,62.83,89.8,42,"Action, Thriller",2,0.54,4
USR-2997,59.8,64.4,27,"Action, Thriller",2,0.48,0
USR-2998,49.59,76.6,46,"Comedy, Animation, Thriller, Horror",4,0.37,1
USR-2999,49.61,123.3,18,"Sci-Fi, Thriller",3,0.78,3
USR-3000,3.76,19.0,7,Action,1,0.21,59
USR-3001,8.0,28.6,26,Romance,1,0.1,5
USR-3002,41.88,130.2,21,"Sci-Fi, Thriller",2,0.91,0
USR-3003,69.91,68.8,28,"Action, Thriller",2,0.37,2
USR-3004,13.95,30.0,22,Animation,1,0.39,15
USR-3005,33.68,123.7,21,"Sci-Fi, Thriller",2,0.72,0
USR-3006,16.49,30.0,29,Animation,1,0.31,2
USR-3007,10.62,81.5,24,"Romance, Horror, Action, Drama",4,0.76,0
USR-3008,80.85,79.7,26,"Action, Thriller",2,0.43,1
USR-3009,50.62,90.6,44,"Action, Thriller",3,0.37,2
USR-3010,60.99,69.8,25,"Action, Thriller",2,0.41,0
USR-3011,12.63,22.9,22,"Comedy, Romance",2,0.27,0
USR-3012,37.06,123.1,19,"Sci-Fi, Thriller",2,0.77,0
USR-3013,52.04,64.8,33,"Action, Thriller, Romance",3,0.48,3
USR-3014,37.35,67.8,44,"Drama, Action, Sci-Fi, Horror, Romance",5,0.59,6
USR-3015,52.28,73.9,30,"Action, Thriller",2,0.47,0
USR-3016,0.34,23.0,3,Horror,1,0.21,25
USR-3017,59.14,101.4,36,"Action, Thriller",3,0.51,2
USR-3018,4.06,26.9,32,Animation,1,0.38,10
USR-3019,12.24,33.2,29,Comedy,1,0.27,0
USR-3020,50.85,61.5,34,"Action, Thriller",2,0.38,0
USR-3021,47.68,69.6,49,"Comedy, Horror, Animation, Drama",4,0.48,1
USR-3022,9.89,29.7,21,Comedy,1,0.51,17
USR-3023,50.12,107.0,14,"Drama, Sci-Fi",3,0.8,16
USR-3024,37.31,82.8,36,"Action, Thriller",2,0.49,17
USR-3025,35.97,122.6,16,"Drama, Sci-Fi",3,0.7,3
USR-3026,29.51,109.0,21,Drama,2,0.67,2
USR-3027,11.67,28.6,37,Romance,1,0.38,7
USR-3028,12.85,35.5,28,Comedy,1,0.41,15
USR-3029,59.53,76.7,47,"Animation, Sci-Fi, Romance",3,0.56,0
USR-3030,3.21,16.3,2,Sci-Fi,1,0.56,37
USR-3031,35.25,41.8,35,"Drama, Action, Romance",3,0.3,5
USR-3032,48.22,82.9,20,"Drama, Sci-Fi",3,0.76,0
USR-3033,16.02,70.5,25,"Romance, Sci-Fi, Drama, Animation, Thriller",5,0.55,3
USR-3034,34.39,142.4,20,"Drama, Sci-Fi",3,0.79,4
USR-3035,5.9,35.2,26,Comedy,2,0.41,18
USR-3036,5.3,22.6,5,Action,1,0.2,40
USR-3037,15.73,22.9,24,Romance,2,0.32,8
USR-3038,54.83,49.3,34,"Thriller, Horror, Romance",3,0.54,0
USR-3039,15.54,21.5,23,"Comedy, Romance",1,0.34,6
USR-3040,80.87,74.1,55,"Comedy, Animation, Action, Thriller, Documentary",5,0.51,7
USR-3041,2.52,21.6,4,Thriller,1,0.24,44
USR-3042,11.37,18.5,37,Animation,2,0.42,0
USR-3043,14.01,23.2,26,Comedy,1,0.26,2
USR-3044,40.08,137.7,5,"Drama, Sci-Fi",2,0.76,3
USR-3045,4.27,16.5,2,Documentary,1,0.02,48
USR-3046,10.03,25.1,21,"Comedy, Romance",1,0.22,2
USR-3047,0.1,22.2,4,Comedy,1,0.18,41
USR-3048,14.22,17.1,25,Comedy,2,0.46,12
USR-3049,14.51,24.2,29,Romance,1,0.19,8
USR-3050,50.43,90.4,36,"Action, Thriller",1,0.48,8
USR-3051,15.72,28.4,29,"Comedy, Romance",2,0.37,7
USR-3052,0.1,24.2,6,Horror,1,0.33,53
USR-3053,0.91,15.6,6,Romance,1,0.29,32
USR-3054,62.94,104.9,42,"Action, Thriller",2,0.45,5
USR-3055,18.79,21.2,27,Romance,1,0.12,0
USR-3056,4.74,29.2,37,Animation,2,0.29,5
USR-3057,64.8,92.5,31,"Action, Thriller",2,0.36,0
USR-3058,5.27,12.1,3,Action,1,0.15,31
USR-3059,47.0,68.5,34,"Action, Thriller",2,0.38,2
USR-3060,76.06,82.5,25,"Action, Thriller",3,0.4,2
USR-3061,8.43,33.8,25,Comedy,1,0.3,0
USR-3062,13.82,15.9,21,Romance,1,0.46,17
USR-3063,51.33,72.2,25,"Action, Thriller",2,0.27,0
USR-3064,11.31,29.1,22,Animation,1,0.27,0
USR-3065,49.77,93.7,16,"Drama, Sci-Fi",3,0.73,4
USR-3066,44.57,102.6,41,"Action, Thriller",3,0.4,5
USR-3067,62.37,90.2,39,"Action, Thriller",3,0.54,1
USR-3068,52.56,127.1,27,"Sci-Fi, Thriller",2,0.76,1
USR-3069,47.51,77.7,31,"Action, Thriller",2,0.49,3
USR-3070,3.48,35.7,33,Animation,1,0.37,4
USR-3071,37.05,84.9,44,"Romance, Thriller, Comedy, Animation",4,0.71,0
USR-3072,28.85,69.7,44,"Action, Thriller",2,0.49,3
USR-3073,3.09,7.1,5,Thriller,1,0.25,53
USR-3074,7.62,22.8,29,Animation,1,0.48,8
USR-3075,16.55,91.6,17,Drama,2,0.7,5
USR-3076,15.47,26.2,33,Comedy,2,0.4,6
USR-3077,2.35,19.7,5,Comedy,1,0.0,32
USR-3078,73.75,87.6,36,"Action, Thriller",2,0.48,3
USR-3079,12.62,22.6,34,Animation,1,0.41,4
USR-3080,50.5,70.0,47,"Horror, Action, Documentary, Animation",4,0.54,0
USR-3081,8.87,27.3,36,Romance,2,0.25,2
USR-3082,57.44,140.2,22,"Drama, Sci-Fi",3,0.91,8
USR-3083,57.32,91.2,49,"Comedy, Sci-Fi, Drama",3,0.56,0
USR-3084,45.77,94.5,33,"Action, Thriller",2,0.35,13
USR-3085,1.81,26.4,5,Action,1,0.29,22
USR-3086,12.0,19.6,34,Comedy,1,0.43,2
USR-3087,64.29,58.5,33,"Action, Animation, Documentary, Horror",4,0.68,0
USR-3088,57.1,75.5,30,"Action, Thriller",2,0.59,3
USR-3089,17.42,27.3,32,Romance,1,0.44,3
USR-3090,11.29,27.1,19,Romance,1,0.34,6
USR-3091,56.24,49.1,45,"Sci-Fi, Drama, Horror, Documentary",4,0.64,1
USR-3092,58.54,58.5,23,"Action, Thriller",2,0.46,1
USR-3093,34.67,87.5,22,Drama,3,0.7,18
USR-3094,13.15,33.0,45,Animation,2,0.24,5
USR-3095,51.07,67.0,50,"Animation, Horror, Sci-Fi, Comedy",4,0.44,3
USR-3096,12.7,17.2,35,Animation,1,0.38,6
USR-3097,44.26,133.1,25,Drama,2,0.82,0
USR-3098,48.19,94.7,14,"Drama, Sci-Fi",2,0.9,2
USR-3099,1.07,15.3,3,Romance,1,0.31,56
USR-3100,42.69,38.1,48,"Thriller, Sci-Fi, Animation, Documentary, Horror",5,0.52,0
USR-3101,38.45,153.5,21,"Sci-Fi, Thriller",2,0.71,4
USR-3102,17.19,34.7,32,Comedy,2,0.35,0
USR-3103,3.3,18.1,7,Thriller,1,0.0,26
USR-3104,38.45,88.0,22,Drama,2,0.68,1
USR-3105,53.21,114.7,31,"Action, Thriller",2,0.38,0
USR-3106,12.8,37.1,17,Animation,2,0.44,2
USR-3107,47.98,74.4,46,"Action, Drama, Sci-Fi, Thriller",4,0.69,1
USR-3108,41.71,100.7,15,"Drama, Sci-Fi",3,0.79,0
USR-3109,34.25,95.1,38,"Action, Thriller",2,0.31,0
USR-3110,17.82,20.8,29,Animation,1,0.27,2
USR-3111,54.52,103.7,20,"Sci-Fi, Thriller",3,0.86,4
USR-3112,13.92,29.7,32,Romance,1,0.19,8
USR-3113,41.82,82.9,39,"Action, Thriller",1,0.48,4
USR-3114,48.92,70.9,32,"Animation, Thriller, Drama, Horror, Comedy",5,0.36,7
USR-3115,1.72,22.3,3,Drama,1,0.3,39
USR-3116,58.63,82.0,30,"Action, Thriller",2,0.41,4
USR-3117,15.11,21.9,30,Comedy,2,0.25,2
USR-3118,42.0,78.3,30,"Action, Thriller",3,0.43,3
USR-3119,4.87,11.3,6,Animation,1,0.31,43
USR-3120,57.93,89.8,35,"Action, Thriller",2,0.36,2
USR-3121,51.17,124.9,21,Drama,3,0.61,8
USR-3122,10.66,21.6,37,Comedy,1,0.32,0
USR-3123,54.5,89.7,23,"Action, Thriller",2,0.46,0
USR-3124,9.43,25.9,18,Comedy,1,0.27,0
USR-3125,44.42,99.2,30,"Action, Thriller",1,0.52,5
USR-3126,5.3,31.1,27,"Comedy, Romance",1,0.3,3
USR-3127,13.95,18.0,20,"Comedy, Romance",2,0.36,3
USR-3128,51.49,97.9,27,"Action, Thriller",2,0.47,2
USR-3129,15.33,24.8,35,Comedy,1,0.35,8
USR-3130,34.35,52.9,34,"Sci-Fi, Action, Drama, Animation",4,0.57,0
USR-3131,88.98,82.9,27,"Action, Thriller",2,0.42,0
USR-3132,79.62,72.5,45,"Sci-Fi, Drama, Romance, Horror",4,0.58,2
USR-3133,68.8,56.2,37,"Sci-Fi, Action, Romance, Documentary",4,0.31,1
USR-3134,23.49,122.2,27,"Drama, Sci-Fi",3,0.85,1
USR-3135,14.37,37.8,29,Romance,1,0.24,12
USR-3136,28.86,65.1,47,"Animation, Comedy, Documentary, Thriller",4,0.38,1
USR-3137,12.89,29.0,19,Animation,1,0.29,2
USR-3138,34.19,133.6,11,"Drama, Sci-Fi",2,0.67,1
USR-3139,74.95,108.5,8,"Action, Thriller",1,0.57,1
USR-3140,8.4,20.6,20,Romance,1,0.21,10
USR-3141,50.94,64.3,36,"Action, Thriller",2,0.49,3
USR-3142,51.56,79.5,31,"Action, Thriller",2,0.72,11
USR-3143,2.22,24.2,7,Horror,1,0.39,29
USR-3144,4.43,13.6,6,Action,1,0.19,30
USR-3145,8.81,22.2,31,"Comedy, Romance",2,0.18,4
USR-3146,9.76,28.3,27,"Comedy, Romance",1,0.29,2
USR-3147,12.71,30.7,13,Animation,1,0.23,40
USR-3148,42.59,101.8,33,"Action, Thriller",2,0.49,2
USR-3149,56.84,156.3,16,"Drama, Sci-Fi",2,0.65,4
USR-3150,2.62,18.8,1,Comedy,1,0.07,20
USR-3151,42.79,43.7,45,"Drama, Animation, Documentary",3,0.38,1
USR-3152,53.77,91.4,25,"Action, Thriller",3,0.34,1
USR-3153,51.71,76.5,19,"Drama, Sci-Fi",2,0.75,3
USR-3154,55.67,75.7,29,"Action, Thriller",3,0.48,0
USR-3155,48.88,83.1,15,"Action, Thriller",3,0.44,1
USR-3156,43.96,78.1,20,"Action, Thriller",2,0.45,3
USR-3157,35.03,74.9,46,"Horror, Animation, Documentary",3,0.38,1
USR-3158,8.6,23.7,26,Animation,1,0.26,20
USR-3159,13.05,31.5,31,Comedy,1,0.41,13
USR-3160,3.95,15.2,4,Thriller,1,0.27,34
USR-3161,40.06,74.6,58,"Action, Comedy, Documentary, Animation, Drama",5,0.48,0
USR-3162,73.13,47.9,51,"Action, Documentary, Animation",3,0.35,3
USR-3163,60.9,65.8,49,"Horror, Animation, Documentary, Comedy, Romance",5,0.39,0
USR-3164,32.53,133.3,18,"Drama, Sci-Fi",2,0.74,5
USR-3165,40.45,110.1,16,Drama,2,0.87,0
USR-3166,51.54,107.6,36,"Action, Thriller",2,0.59,4
USR-3167,17.62,30.7,26,"Comedy, Romance",1,0.38,6
USR-3168,3.32,20.9,2,Horror,1,0.36,53
USR-3169,66.4,94.8,31,"Action, Thriller",2,0.56,1
USR-3170,70.05,67.7,46,"Action, Romance, Thriller",3,0.41,0
USR-3171,52.13,51.3,48,"Documentary, Romance, Drama",3,0.55,2
USR-3172,54.87,89.5,26,"Action, Thriller",2,0.57,3
USR-3173,50.39,51.7,56,"Romance, Documentary, Drama",3,0.38,1
USR-3174,40.86,106.2,14,Drama,3,0.78,1
USR-3175,57.58,68.6,38,"Action, Thriller",2,0.41,4
USR-3176,58.07,51.8,58,"Sci-Fi, Romance, Horror, Documentary",4,0.36,0
USR-3177,15.6,21.3,17,Comedy,2,0.06,4
USR-3178,13.74,25.2,25,Romance,1,0.37,12
USR-3179,30.99,104.3,54,"Action, Thriller",3,0.46,0
USR-3180,38.86,114.2,20,"Action, Thriller",3,0.5,1
USR-3181,39.0,100.1,7,"Action, Thriller",2,0.33,4
USR-3182,55.81,91.4,26,"Action, Thriller",2,0.4,1
USR-3183,37.15,109.6,18,"Drama, Sci-Fi",3,0.76,1
USR-3184,56.84,76.2,48,"Thriller, Animation, Horror, Romance, Drama",5,0.63,0
USR-3185,21.82,106.0,19,"Drama, Sci-Fi",2,0.83,0
USR-3186,2.94,15.0,1,Romance,1,0.1,26
USR-3187,6.25,27.0,38,Animation,2,0.17,8
USR-3188,60.84,100.1,41,"Action, Thriller",2,0.31,1
USR-3189,11.44,26.3,16,Animation,1,0.45,0
USR-3190,50.7,83.2,47,"Action, Thriller",1,0.49,6
USR-3191,40.56,89.5,41,"Comedy, Documentary, Drama, Thriller, Animation",5,0.6,0
USR-3192,55.61,99.6,49,"Action, Thriller",3,0.58,0
USR-3193,45.83,63.6,43,"Romance, Drama, Sci-Fi",3,0.42,8
USR-3194,67.66,90.0,48,"Drama, Action, Comedy, Thriller, Horror",5,0.42,1
USR-3195,37.59,128.8,19,Drama,3,0.82,3
USR-3196,6.1,26.5,28,Animation,1,0.32,8
USR-3197,28.54,106.3,36,"Action, Thriller",2,0.26,10
USR-3198,45.54,92.2,41,"Action, Comedy, Drama, Romance, Horror",5,0.49,0
USR-3199,43.27,122.1,42,"Action, Thriller",2,0.67,4
USR-3200,16.94,64.8,42,"Thriller, Drama, Sci-Fi, Documentary, Animation",5,0.36,0
USR-3201,26.95,145.2,17,Drama,2,0.76,3
USR-3202,18.44,29.9,37,Romance,2,0.33,3
USR-3203,63.72,62.4,50,"Thriller, Action, Comedy, Drama",4,0.65,0
USR-3204,63.81,72.1,46,"Drama, Horror, Sci-Fi",3,0.42,1
USR-3205,27.06,46.1,35,"Action, Romance, Animation, Comedy",4,0.49,2
USR-3206,10.96,26.3,26,Animation,2,0.29,0
USR-3207,47.6,81.1,23,Drama,2,0.83,4
USR-3208,67.66,126.7,31,"Action, Thriller",2,0.41,1
USR-3209,65.69,103.5,40,"Action, Thriller",2,0.41,1
USR-3210,8.5,29.1,40,Romance,1,0.31,4
USR-3211,37.51,141.3,22,"Sci-Fi, Thriller",2,0.8,14
USR-3212,47.73,73.2,39,"Action, Thriller",1,0.32,0
USR-3213,15.04,27.2,24,Animation,1,0.4,1
USR-3214,13.42,34.7,24,Romance,1,0.59,4
USR-3215,12.4,29.2,30,Animation,2,0.41,14
USR-3216,20.8,30.9,33,Romance,2,0.34,3
USR-3217,10.28,30.4,25,"Comedy, Romance",1,0.28,14
USR-3218,40.27,74.1,26,"Comedy, Animation, Documentary, Thriller, Sci-Fi",5,0.43,3
USR-3219,61.18,81.7,24,"Thriller, Action, Drama, Comedy, Animation",5,0.58,0
USR-3220,36.08,113.1,15,"Sci-Fi, Thriller",2,0.87,6
USR-3221,38.91,79.7,22,"Sci-Fi, Thriller",2,0.77,0
USR-3222,36.95,127.1,22,"Action, Thriller",2,0.4,7
USR-3223,14.63,32.1,27,Comedy,2,0.37,5
USR-3224,37.66,139.5,24,Drama,2,0.6,1
USR-3225,11.8,21.2,25,Animation,2,0.39,6
USR-3226,9.07,23.6,24,Romance,1,0.46,5
USR-3227,45.91,80.5,37,"Comedy, Thriller, Drama",3,0.41,1
USR-3228,79.52,84.8,27,"Action, Thriller",2,0.49,1
USR-3229,9.63,31.4,23,Animation,1,0.25,5
USR-3230,9.45,23.4,27,Comedy,1,0.2,3
USR-3231,2.16,17.5,7,Drama,1,0.07,38
USR-3232,15.25,27.6,34,Comedy,2,0.41,0
USR-3233,47.28,58.6,50,"Documentary, Comedy, Animation",3,0.51,1
USR-3234,47.91,108.9,18,"Sci-Fi, Thriller",3,0.86,1
USR-3235,38.36,111.7,27,"Action, Thriller",2,0.52,6
USR-3236,47.4,104.2,46,"Action, Thriller",2,0.45,1
USR-3237,42.71,92.8,28,"Action, Thriller",2,0.53,3
USR-3238,30.87,101.7,22,"Drama, Sci-Fi",3,0.71,0
USR-3239,9.53,28.4,29,Romance,1,0.38,7
USR-3240,10.82,19.5,23,Romance,1,0.22,2
USR-3241,52.6,61.3,48,"Drama, Documentary, Action, Horror, Comedy",5,0.51,0
USR-3242,10.41,25.2,40,Romance,1,0.36,6
USR-3243,4.9,24.0,1,Drama,1,0.0,31
USR-3244,28.69,109.7,24,"Drama, Sci-Fi",3,0.77,7
USR-3245,4.07,15.6,7,Animation,1,0.16,52
USR-3246,60.61,120.3,22,Drama,3,0.72,2
USR-3247,0.1,13.7,1,Thriller,1,0.14,37
USR-3248,60.27,94.0,40,"Action, Thriller",1,0.31,1
USR-3249,14.62,17.6,35,"Comedy, Romance",1,0.45,9
USR-3250,7.79,40.0,33,Animation,1,0.47,11
USR-3251,27.75,69.1,33,"Action, Thriller",2,0.38,0
USR-3252,17.61,42.7,25,"Comedy, Romance",1,0.18,6
USR-3253,33.93,78.3,56,"Horror, Animation, Action, Comedy, Romance",5,0.46,2
USR-3254,44.46,103.3,18,"Sci-Fi, Thriller",2,0.72,0
USR-3255,1.81,19.6,1,Comedy,1,0.37,22
USR-3256,44.04,46.5,61,"Horror, Romance, Drama, Animation",4,0.25,2
USR-3257,42.27,38.8,34,"Drama, Animation, Sci-Fi, Thriller, Comedy",5,0.59,0
USR-3258,72.28,106.6,34,"Action, Thriller",3,0.23,5
USR-3259,48.31,100.9,16,Drama,3,0.74,0
USR-3260,12.04,15.1,25,Comedy,1,0.25,2
USR-3261,35.14,80.5,36,"Action, Thriller",1,0.24,4
USR-3262,75.11,88.1,17,"Action, Thriller",2,0.43,5
USR-3263,4.82,20.7,5,Drama,1,0.34,57
USR-3264,11.84,33.9,20,"Comedy, Romance",2,0.34,9
USR-3265,59.66,89.6,40,"Action, Thriller",3,0.46,3
USR-3266,16.02,16.8,36,"Comedy, Romance",2,0.32,10
USR-3267,37.28,128.7,17,"Sci-Fi, Thriller",2,0.89,1
USR-3268,41.09,92.2,30,"Action, Thriller",2,0.51,0
USR-3269,4.95,17.1,6,Sci-Fi,1,0.39,24
USR-3270,48.51,106.1,18,Drama,3,0.73,0
USR-3271,4.58,5.0,5,Sci-Fi,1,0.3,46
USR-3272,1.99,18.7,5,Drama,1,0.25,59
USR-3273,12.93,23.0,36,Comedy,1,0.2,23
USR-3274,48.77,105.7,28,"Action, Thriller",1,0.41,4
USR-3275,45.26,80.1,30,"Action, Thriller",3,0.43,5
USR-3276,18.33,32.5,28,Romance,1,0.52,7
USR-3277,8.28,32.0,37,"Comedy, Romance",1,0.25,3
USR-3278,49.77,53.8,26,"Thriller, Horror, Action",3,0.65,3
USR-3279,15.83,27.2,24,Animation,1,0.43,16
USR-3280,10.2,28.8,25,Comedy,2,0.33,10
USR-3281,11.57,25.1,29,Animation,1,0.34,15
USR-3282,69.09,45.4,48,"Thriller, Drama, Sci-Fi, Animation",4,0.42,6
USR-3283,4.83,14.9,4,Comedy,1,0.3,46
USR-3284,5.96,26.5,30,Animation,1,0.25,6
USR-3285,41.2,116.0,20,"Sci-Fi, Thriller",3,0.87,4
USR-3286,40.17,108.4,35,"Action, Thriller",2,0.32,4
USR-3287,52.12,92.7,35,"Action, Thriller",2,0.3,13
USR-3288,46.81,114.1,14,"Drama, Sci-Fi",2,0.73,7
USR-3289,44.48,169.5,19,Drama,2,0.79,0
USR-3290,47.58,100.9,28,"Action, Thriller",2,0.51,2
USR-3291,76.15,51.0,51,"Documentary, Drama, Comedy, Thriller, Horror",5,0.5,1
USR-3292,44.78,77.4,49,"Comedy, Documentary, Action, Romance, Horror",5,0.45,1
USR-3293,1.88,13.7,8,Romance,1,0.18,42
USR-3294,1.11,16.7,1,Sci-Fi,1,0.09,24
USR-3295,54.55,54.8,38,"Action, Thriller",2,0.46,4
USR-3296,14.16,17.1,24,"Comedy, Romance",2,0.35,3
USR-3297,40.27,87.7,39,"Action, Thriller",2,0.62,9
USR-3298,17.5,26.5,31,"Comedy, Romance",2,0.35,4
USR-3299,44.69,72.6,36,"Action, Thriller",1,0.47,8
USR-3300,38.44,83.8,38,"Action, Thriller",2,0.51,3
USR-3301,37.01,68.5,38,"Action, Thriller",2,0.42,0
USR-3302,33.64,93.2,29,"Action, Thriller",2,0.62,8
USR-3303,5.46,16.5,23,Comedy,1,0.28,1
USR-3304,7.67,26.1,26,Romance,1,0.26,0
USR-3305,6.81,15.3,26,Animation,2,0.31,3
USR-3306,1.12,7.3,4,Romance,1,0.13,20
USR-3307,16.29,21.5,29,Animation,1,0.31,8
USR-3308,79.66,76.9,38,"Action, Thriller",2,0.45,4
USR-3309,8.56,21.8,36,"Comedy, Romance",1,0.34,34
USR-3310,69.8,64.1,43,"Action, Thriller",2,0.55,0
USR-3311,16.89,17.3,25,Romance,2,0.23,3
USR-3312,39.98,78.9,28,"Action, Thriller",1,0.36,3
USR-3313,26.7,145.3,17,"Drama, Sci-Fi",2,0.83,0
USR-3314,48.02,87.1,40,"Action, Thriller",1,0.33,2
USR-3315,42.3,58.7,45,"Documentary, Action, Comedy, Sci-Fi",4,0.44,3
USR-3316,41.54,87.8,19,"Sci-Fi, Thriller",2,0.76,0
USR-3317,54.49,101.1,33,"Action, Thriller",2,0.4,4
USR-3318,39.67,121.0,17,Drama,3,0.81,10
USR-3319,50.9,97.6,18,"Sci-Fi, Thriller",2,0.9,0
USR-3320,46.93,116.9,24,Drama,3,0.76,1
USR-3321,13.74,28.9,30,"Comedy, Romance",2,0.24,9
USR-3322,37.78,145.1,20,"Drama, Sci-Fi",2,0.85,12
USR-3323,39.45,114.6,23,"Sci-Fi, Thriller",3,0.69,4
USR-3324,31.06,98.3,39,"Action, Thriller",2,0.59,3
USR-3325,49.49,80.3,40,"Action, Thriller",2,0.44,0
USR-3326,67.14,112.3,25,"Action, Thriller",2,0.54,1
USR-3327,45.79,60.5,32,"Sci-Fi, Documentary, Animation, Action, Comedy",5,0.55,0
USR-3328,58.83,102.0,34,"Action, Thriller",3,0.61,1
USR-3329,58.89,81.9,56,"Animation, Sci-Fi, Romance",3,0.32,1
USR-3330,38.12,66.5,41,"Comedy, Action, Horror, Thriller, Documentary",5,0.52,1
USR-3331,72.23,95.5,43,"Action, Thriller",2,0.32,1
USR-3332,63.36,95.3,35,"Action, Thriller",2,0.43,8
USR-3333,5.66,19.9,5,Thriller,1,0.32,21
USR-3334,29.91,81.1,43,"Action, Horror, Romance",3,0.48,0
USR-3335,61.9,75.0,35,"Action, Thriller",1,0.37,0
USR-3336,6.69,17.9,26,Animation,2,0.36,4
USR-3337,18.77,30.8,23,Comedy,2,0.4,21
USR-3338,18.54,21.4,34,Romance,2,0.27,9
USR-3339,5.69,26.3,4,Romance,1,0.39,49
USR-3340,5.58,24.0,31,Romance,2,0.25,13
USR-3341,57.4,60.1,44,"Thriller, Action, Romance",3,0.58,3
USR-3342,42.46,82.3,34,"Action, Thriller",2,0.37,4
USR-3343,18.51,24.2,35,Comedy,1,0.29,11
USR-3344,14.22,26.8,29,Animation,2,0.36,2
USR-3345,45.8,121.7,34,"Action, Thriller",1,0.38,2
USR-3346,10.72,17.8,32,Comedy,1,0.23,0
USR-3347,15.28,19.8,36,Animation,1,0.39,5
USR-3348,42.43,89.5,11,Drama,2,0.8,4
USR-3349,11.52,27.1,26,Animation,1,0.41,7
USR-3350,55.77,95.8,29,"Sci-Fi, Thriller",3,0.73,2
USR-3351,44.79,86.3,33,"Action, Thriller",3,0.53,1
USR-3352,44.36,62.8,45,"Comedy, Sci-Fi, Drama, Romance",4,0.45,3
USR-3353,10.3,31.7,21,Animation,1,0.31,17
USR-3354,41.13,108.7,18,"Sci-Fi, Thriller",2,0.76,0
USR-3355,9.8,32.5,19,Comedy,2,0.29,2
USR-3356,13.71,20.3,34,Romance,1,0.29,18
USR-3357,41.85,130.1,21,"Sci-Fi, Thriller",3,0.86,1
USR-3358,2.86,20.5,7,Romance,1,0.33,32
USR-3359,50.72,117.2,21,"Action, Thriller",3,0.67,2
USR-3360,0.19,18.5,5,Animation,1,0.0,47
USR-3361,68.89,99.9,33,"Action, Thriller",3,0.65,1
USR-3362,48.86,98.6,28,"Action, Thriller",1,0.51,0
USR-3363,11.57,24.2,32,"Comedy, Romance",1,0.42,9
USR-3364,7.48,12.9,29,Comedy,2,0.47,3
USR-3365,38.65,75.9,39,"Action, Thriller",2,0.4,7
USR-3366,41.27,138.6,24,Drama,3,0.92,0
USR-3367,14.93,37.7,30,Animation,1,0.39,13
USR-3368,46.94,79.3,46,"Action, Thriller",2,0.64,0
USR-3369,52.95,51.3,50,"Thriller, Sci-Fi, Animation",3,0.57,3
USR-3370,16.61,17.9,33,Animation,1,0.35,16
USR-3371,57.48,54.8,58,"Action, Thriller, Comedy, Drama, Romance",5,0.58,2
USR-3372,11.65,34.0,30,Comedy,1,0.53,2
USR-3373,14.93,25.2,31,Romance,1,0.51,0
USR-3374,51.49,92.9,34,"Sci-Fi, Action, Comedy",3,0.43,1
USR-3375,48.02,72.6,50,"Documentary, Horror, Comedy, Action, Thriller",5,0.39,2
USR-3376,50.61,113.4,47,"Action, Thriller",2,0.48,4
USR-3377,5.95,18.3,24,"Comedy, Romance",2,0.39,0
USR-3378,38.62,114.4,21,"Drama, Sci-Fi",2,0.69,11
USR-3379,76.98,85.0,33,"Action, Thriller",2,0.72,1
USR-3380,7.48,27.3,30,Animation,1,0.5,0
USR-3381,89.88,76.0,42,"Action, Thriller",2,0.51,3
USR-3382,6.65,32.5,31,"Comedy, Romance",2,0.3,0
USR-3383,15.37,29.2,26,Animation,1,0.23,13
USR-3384,13.62,17.2,12,Animation,1,0.41,9
USR-3385,61.87,79.2,45,"Animation, Romance, Thriller, Comedy, Sci-Fi",5,0.42,2
USR-3386,2.95,21.9,6,Animation,1,0.43,39
USR-3387,42.59,120.5,25,Drama,3,0.8,1
USR-3388,65.41,89.5,30,"Action, Thriller",1,0.57,3
USR-3389,36.33,92.5,35,"Comedy, Thriller, Action, Romance",4,0.41,1
USR-3390,2.15,24.2,5,Horror,1,0.28,40
USR-3391,5.47,30.9,27,"Comedy, Romance",1,0.45,24
USR-3392,8.15,20.1,32,Romance,1,0.42,2
USR-3393,5.42,24.0,3,Documentary,1,0.14,54
USR-3394,45.28,86.8,19,"Action, Thriller",2,0.54,2
USR-3395,14.07,19.8,24,Comedy,1,0.43,20
USR-3396,56.31,68.9,42,"Romance, Thriller, Comedy, Horror, Animation",5,0.47,0
USR-3397,53.18,95.3,36,"Action, Thriller",3,0.51,4
USR-3398,53.94,91.3,35,"Action, Thriller",2,0.65,4
USR-3399,51.81,68.9,54,"Documentary, Romance, Drama",3,0.48,3
USR-3400,68.63,91.9,31,"Action, Thriller",2,0.48,1
USR-3401,57.12,48.7,38,"Thriller, Documentary, Sci-Fi, Animation",4,0.57,1
USR-3402,86.0,102.5,27,"Action, Thriller",2,0.5,4
USR-3403,36.78,82.3,37,"Action, Thriller",3,0.45,0
USR-3404,13.31,23.0,30,"Comedy, Romance",1,0.17,6
USR-3405,2.84,16.3,9,Action,1,0.07,45
USR-3406,75.0,71.3,30,"Action, Thriller",1,0.48,2
USR-3407,44.24,132.5,20,Drama,2,0.9,3
USR-3408,62.83,95.3,28,"Action, Thriller",2,0.39,0
USR-3409,38.71,99.3,39,"Action, Thriller",1,0.42,5
USR-3410,12.75,23.0,25,Comedy,1,0.52,1
USR-3411,5.56,16.9,21,Comedy,1,0.39,8
USR-3412,45.2,125.5,17,Drama,2,0.75,5
USR-3413,29.23,134.5,23,Drama,2,0.71,1
USR-3414,3.81,15.3,4,Romance,1,0.14,46
USR-3415,4.57,15.2,4,Comedy,1,0.35,49
USR-3416,49.66,94.4,33,"Action, Thriller",2,0.49,0
USR-3417,10.63,9.8,40,Animation,1,0.1,0
USR-3418,6.76,17.0,27,"Comedy, Romance",1,0.27,7
USR-3419,8.53,22.8,16,Comedy,2,0.44,2
USR-3420,9.43,18.1,29,Animation,1,0.24,2
USR-3421,68.48,92.0,37,"Action, Thriller",2,0.55,3
USR-3422,38.53,27.2,52,"Thriller, Sci-Fi, Horror, Animation",4,0.54,0
USR-3423,33.45,132.8,17,"Drama, Sci-Fi",3,0.82,3
USR-3424,46.41,139.4,18,"Sci-Fi, Thriller",2,0.7,1
USR-3425,5.43,21.5,8,Horror,1,0.27,53
USR-3426,39.76,145.3,31,"Drama, Sci-Fi",2,0.83,13
USR-3427,52.89,58.5,27,"Action, Thriller",3,0.36,0
USR-3428,45.04,131.1,19,Drama,2,0.8,0
USR-3429,4.92,16.3,6,Romance,1,0.28,45
USR-3430,40.73,121.3,25,"Sci-Fi, Thriller",2,0.89,1
USR-3431,48.96,53.6,53,"Documentary, Thriller, Drama, Action",4,0.56,0
USR-3432,58.1,96.1,46,"Action, Thriller",2,0.31,0
USR-3433,44.49,126.2,29,"Sci-Fi, Thriller",2,0.84,14
USR-3434,58.81,75.2,49,"Drama, Comedy, Action, Thriller",4,0.16,3
USR-3435,38.52,99.9,44,"Action, Thriller",1,0.3,1
USR-3436,70.69,68.5,38,"Action, Thriller",3,0.5,1
USR-3437,5.55,11.8,1,Animation,1,0.0,48
USR-3438,10.24,14.9,31,Animation,2,0.33,1
USR-3439,86.05,110.0,30,"Action, Thriller",3,0.34,1
USR-3440,41.85,101.0,17,"Action, Thriller",3,0.55,1
USR-3441,53.71,85.9,13,Drama,2,0.67,5
USR-3442,47.47,114.1,38,"Action, Thriller",2,0.58,0
USR-3443,51.71,65.5,59,"Comedy, Thriller, Sci-Fi",3,0.38,1
USR-3444,15.21,8.7,20,"Comedy, Romance",1,0.25,0
USR-3445,11.57,33.5,28,Romance,1,0.44,1
USR-3446,13.25,22.7,34,Animation,2,0.42,0
USR-3447,61.69,55.9,27,"Action, Horror, Romance",3,0.51,2
USR-3448,61.23,86.0,39,"Action, Thriller",2,0.44,17
USR-3449,34.92,147.2,20,Drama,2,0.87,3
USR-3450,55.86,53.6,48,"Animation, Horror, Thriller, Comedy, Romance",5,0.41,0
USR-3451,67.42,120.8,40,"Action, Thriller",3,0.33,0
USR-3452,45.02,66.1,46,"Drama, Romance, Horror, Action, Sci-Fi",5,0.22,2
USR-3453,51.19,109.7,18,"Sci-Fi, Thriller",3,0.67,7
USR-3454,56.73,95.5,30,"Action, Thriller",1,0.32,2
USR-3455,68.05,103.3,27,"Action, Thriller",2,0.45,1
USR-3456,1.82,18.1,7,Documentary,1,0.34,36
USR-3457,46.63,142.6,40,"Action, Thriller",1,0.34,0
USR-3458,5.18,19.9,23,Animation,1,0.23,10
USR-3459,7.65,15.5,25,Romance,1,0.29,19
USR-3460,11.75,24.2,23,"Comedy, Romance",2,0.32,11
USR-3461,20.48,27.4,26,"Comedy, Romance",1,0.51,13
USR-3462,47.62,87.0,38,"Action, Thriller",2,0.36,3
USR-3463,40.1,132.6,12,"Drama, Sci-Fi",2,0.77,1
USR-3464,14.0,22.4,23,Comedy,2,0.42,2
USR-3465,14.91,29.4,24,Romance,2,0.37,23
USR-3466,24.47,97.5,26,"Sci-Fi, Thriller",3,0.84,0
USR-3467,47.81,109.6,45,"Action, Thriller",1,0.44,3
USR-3468,57.2,82.6,37,"Action, Thriller",2,0.4,0
USR-3469,50.24,105.8,34,"Action, Thriller",2,0.26,0
USR-3470,46.68,72.8,54,"Horror, Drama, Thriller, Action",4,0.47,1
USR-3471,3.84,16.6,3,Drama,1,0.34,49
USR-3472,35.46,128.8,22,"Sci-Fi, Thriller",2,0.74,1
USR-3473,41.94,117.4,10,"Sci-Fi, Thriller",2,0.83,1
USR-3474,72.9,69.8,45,"Action, Thriller",2,0.45,0
USR-3475,41.27,106.3,15,"Drama, Sci-Fi",3,0.78,3
USR-3476,3.48,17.7,7,Horror,1,0.14,59
USR-3477,41.3,121.2,14,"Sci-Fi, Thriller",2,0.79,0
USR-3478,53.01,65.3,49,"Action, Drama, Thriller",3,0.49,1
USR-3479,26.51,150.1,25,Drama,2,0.81,2
USR-3480,62.85,66.1,29,"Drama, Animation, Thriller, Sci-Fi, Horror",5,0.5,1
USR-3481,54.94,81.8,33,"Action, Thriller",2,0.26,0
USR-3482,49.94,143.8,14,"Sci-Fi, Thriller",3,0.78,0
USR-3483,58.91,77.8,41,"Drama, Romance, Comedy",3,0.49,1
USR-3484,57.29,66.2,44,"Action, Sci-Fi, Animation, Comedy",4,0.61,0
USR-3485,7.61,29.8,31,Comedy,1,0.34,10
USR-3486,33.22,59.6,24,"Drama, Documentary, Romance",3,0.5,0
USR-3487,31.59,64.2,28,"Drama, Thriller, Romance, Action",4,0.47,3
USR-3488,16.19,23.4,33,"Comedy, Romance",2,0.16,6
USR-3489,3.91,20.3,23,Comedy,1,0.34,8
USR-3490,9.54,27.4,34,Comedy,1,0.4,2
USR-3491,44.41,135.6,31,Drama,3,0.88,0
USR-3492,33.26,135.3,7,"Sci-Fi, Thriller",2,0.85,15
USR-3493,54.39,72.7,41,"Action, Thriller",1,0.45,9
USR-3494,55.5,97.2,24,"Action, Thriller",2,0.56,3
USR-3495,63.7,88.9,28,"Action, Thriller",1,0.59,11
USR-3496,45.9,100.0,19,"Drama, Sci-Fi",3,0.78,2
USR-3497,5.67,5.8,6,Comedy,1,0.38,57
USR-3498,12.52,15.0,21,"Comedy, Romance",1,0.26,11
USR-3499,59.73,79.5,48,"Documentary, Sci-Fi, Action, Animation, Thriller",5,0.31,0
USR-3500,5.08,17.2,20,"Comedy, Romance",2,0.49,4
USR-3501,39.11,95.5,28,"Action, Thriller",2,0.47,2
USR-3502,17.66,25.9,31,Romance,2,0.45,0
USR-3503,2.47,19.5,3,Romance,1,0.35,52
USR-3504,40.19,127.8,29,"Action, Thriller",1,0.4,3
USR-3505,12.08,28.6,27,Comedy,1,0.34,0
USR-3506,45.31,85.0,24,"Action, Thriller",2,0.42,6
USR-3507,14.49,25.1,29,Animation,1,0.35,1
USR-3508,5.37,20.1,13,"Comedy, Romance",1,0.38,7
USR-3509,64.44,79.3,23,"Action, Thriller",2,0.4,0
USR-3510,38.45,42.7,54,"Sci-Fi, Drama, Animation, Action, Horror",5,0.34,0
USR-3511,55.6,75.7,16,"Action, Thriller",2,0.37,1
USR-3512,38.7,43.9,27,"Thriller, Comedy, Romance, Action, Documentary",5,0.42,2
USR-3513,47.25,108.6,39,"Action, Thriller",2,0.41,3
USR-3514,11.84,19.0,28,Comedy,1,0.25,10
USR-3515,11.7,16.7,26,Animation,1,0.46,2
USR-3516,50.06,116.6,45,"Action, Thriller",2,0.46,2
USR-3517,36.66,63.0,70,"Sci-Fi, Drama, Romance, Documentary, Comedy",5,0.59,2
USR-3518,27.35,132.2,23,"Drama, Sci-Fi",2,0.75,11
USR-3519,37.03,161.7,15,"Sci-Fi, Thriller",2,0.88,3
USR-3520,2.26,18.7,5,Thriller,1,0.52,27
USR-3521,43.57,88.7,34,"Action, Thriller",2,0.55,1
USR-3522,21.62,28.6,33,Romance,1,0.34,4
USR-3523,47.0,122.7,23,"Drama, Sci-Fi",3,0.82,14
USR-3524,9.72,19.0,25,Comedy,2,0.46,2
USR-3525,52.62,82.4,19,"Action, Thriller",2,0.43,0
USR-3526,40.45,101.2,14,"Drama, Sci-Fi",3,0.8,13
USR-3527,57.33,91.7,33,"Action, Thriller",3,0.37,0
USR-3528,1.59,18.3,1,Horror,1,0.17,30
USR-3529,10.0,22.8,26,Romance,2,0.44,12
USR-3530,10.38,26.6,28,Romance,1,0.3,0
USR-3531,4.2,22.5,22,Animation,1,0.28,6
USR-3532,19.81,30.3,25,Romance,1,0.3,7
USR-3533,32.15,137.5,26,Drama,2,0.92,2
USR-3534,10.39,24.5,20,"Comedy, Romance",1,0.33,4
USR-3535,11.15,24.9,38,Comedy,2,0.46,20
USR-3536,31.37,134.0,22,"Sci-Fi, Thriller",3,0.8,12
USR-3537,2.05,17.3,3,Romance,1,0.17,42
USR-3538,17.82,37.4,21,Animation,1,0.36,14
USR-3539,2.8,17.6,5,Action,1,0.58,54
USR-3540,44.96,89.3,43,"Comedy, Romance, Action",3,0.69,0
USR-3541,8.14,27.5,22,Romance,2,0.34,12
USR-3542,11.38,36.8,35,Animation,2,0.2,12
USR-3543,17.76,18.7,38,Comedy,2,0.47,5
USR-3544,16.89,15.5,31,Romance,1,0.14,1
USR-3545,44.96,77.2,62,"Drama, Horror, Animation",3,0.56,6
USR-3546,35.96,112.6,29,"Drama, Sci-Fi",2,0.88,1
USR-3547,63.03,82.7,34,"Action, Thriller",3,0.51,2
USR-3548,9.49,30.6,33,"Comedy, Romance",1,0.22,10
USR-3549,17.72,28.6,25,Romance,2,0.46,5
USR-3550,57.89,99.0,17,Drama,3,0.67,3
USR-3551,43.73,124.6,15,Drama,2,0.78,0
USR-3552,17.3,17.7,25,"Comedy, Romance",1,0.3,5
USR-3553,14.09,28.3,19,"Comedy, Romance",2,0.32,31
USR-3554,26.97,84.5,25,"Drama, Sci-Fi",3,0.67,3
USR-3555,45.16,142.2,17,"Drama, Sci-Fi",2,0.84,0
USR-3556,40.16,89.2,49,"Action, Thriller",2,0.55,0
USR-3557,52.55,88.6,46,"Action, Thriller",1,0.58,7
USR-3558,46.85,41.5,24,"Drama, Action, Thriller, Romance",4,0.43,0
USR-3559,25.71,112.5,13,Drama,2,0.74,2
USR-3560,30.36,125.3,25,"Sci-Fi, Thriller",3,0.93,7
USR-3561,63.06,79.8,39,"Action, Thriller",3,0.36,9
USR-3562,11.7,27.4,28,"Comedy, Romance",1,0.2,10
USR-3563,11.73,24.4,31,Animation,2,0.46,2
USR-3564,45.7,58.5,33,"Thriller, Drama, Romance, Horror, Sci-Fi",5,0.69,0
USR-3565,9.92,17.1,34,"Comedy, Romance",2,0.25,3
USR-3566,32.51,115.0,31,Drama,2,0.71,5
USR-3567,37.38,67.9,43,"Action, Thriller",1,0.44,1
USR-3568,18.3,20.1,33,Romance,1,0.38,0
USR-3569,55.68,127.4,22,"Action, Thriller",2,0.47,0
USR-3570,17.83,18.3,26,Animation,1,0.34,17
USR-3571,5.59,22.8,34,Animation,1,0.47,1
USR-3572,12.35,22.8,36,Romance,2,0.42,7
USR-3573,17.68,31.1,22,Animation,1,0.33,10
USR-3574,59.53,84.4,46,"Action, Thriller",2,0.61,2
USR-3575,46.22,160.2,18,"Sci-Fi, Thriller",2,0.73,0
USR-3576,12.07,20.9,33,Romance,2,0.44,5
USR-3577,33.8,77.2,70,"Animation, Drama, Action",3,0.66,3
USR-3578,2.17,13.3,6,Drama,1,0.55,37
USR-3579,13.15,19.7,31,"Comedy, Romance",1,0.25,1
USR-3580,5.23,24.8,22,"Comedy, Romance",1,0.44,9
USR-3581,3.79,15.7,4,Sci-Fi,1,0.18,54
USR-3582,60.14,66.5,48,"Horror, Drama, Action, Sci-Fi",4,0.54,0
USR-3583,55.69,76.6,40,"Action, Thriller",1,0.42,2
USR-3584,3.03,14.9,6,Comedy,1,0.24,49
USR-3585,66.2,85.2,34,"Action, Thriller",1,0.52,0
USR-3586,54.55,65.8,27,"Action, Thriller",3,0.47,2
USR-3587,38.16,127.4,20,"Sci-Fi, Thriller",3,0.67,4
USR-3588,31.75,82.2,50,"Horror, Comedy, Animation, Sci-Fi",4,0.59,3
USR-3589,46.45,42.4,36,"Sci-Fi, Documentary, Comedy, Thriller, Horror",5,0.59,1
USR-3590,48.55,71.4,55,"Documentary, Drama, Animation",3,0.47,1
USR-3591,31.51,94.1,21,"Drama, Sci-Fi",2,0.82,1
USR-3592,49.05,41.4,37,"Drama, Documentary, Horror, Action",4,0.55,4
USR-3593,39.81,80.2,31,"Action, Thriller",2,0.49,2
USR-3594,9.37,13.2,28,Animation,2,0.34,13
USR-3595,48.21,64.6,34,"Animation, Documentary, Comedy, Action, Thriller",5,0.18,0
USR-3596,46.45,110.0,10,Drama,3,0.77,3
USR-3597,9.12,28.2,33,Comedy,2,0.37,5
USR-3598,13.33,26.4,15,Animation,1,0.39,13
USR-3599,9.95,29.4,28,Romance,1,0.24,0
USR-3600,39.96,61.1,46,"Thriller, Sci-Fi, Comedy, Romance, Animation",5,0.69,0
USR-3601,48.51,80.9,40,"Action, Thriller",2,0.41,3
USR-3602,48.08,100.5,33,"Action, Thriller",2,0.44,5
USR-3603,11.33,22.7,29,Animation,2,0.37,8
USR-3604,48.18,82.1,23,"Action, Thriller",2,0.46,2
USR-3605,45.85,99.0,31,"Action, Thriller",2,0.56,0
USR-3606,1.06,27.4,5,Comedy,1,0.16,32
USR-3607,58.12,101.6,40,"Action, Thriller",2,0.5,0
USR-3608,32.26,111.2,4,"Sci-Fi, Thriller",2,0.94,9
USR-3609,41.21,67.5,49,"Action, Horror, Drama",3,0.23,6
USR-3610,57.29,87.8,34,"Action, Thriller",3,0.34,2
USR-3611,57.51,87.2,49,"Action, Thriller",2,0.47,2
USR-3612,4.82,12.1,6,Documentary,1,0.31,33
USR-3613,42.9,51.7,39,"Comedy, Drama, Romance",3,0.5,1
USR-3614,17.83,32.0,25,Romance,1,0.4,8
USR-3615,39.04,138.8,21,Drama,2,0.96,1
USR-3616,11.71,30.3,31,Animation,1,0.36,0
USR-3617,2.14,26.4,2,Animation,1,0.42,31
USR-3618,36.99,123.1,18,Drama,3,0.85,0
USR-3619,6.44,27.5,34,Comedy,1,0.31,7
USR-3620,38.51,126.5,22,"Sci-Fi, Thriller",3,0.7,5
USR-3621,43.74,65.4,32,"Action, Thriller",3,0.57,17
USR-3622,33.33,89.2,46,"Drama, Action, Comedy",3,0.41,0
USR-3623,13.81,28.2,28,Comedy,1,0.36,18
USR-3624,44.73,76.7,19,"Action, Thriller",1,0.6,2
USR-3625,56.96,127.2,28,"Action, Thriller",2,0.45,1
USR-3626,18.62,34.0,32,Romance,2,0.24,11
USR-3627,3.63,9.5,4,Action,1,0.12,38
USR-3628,52.88,101.9,40,"Action, Thriller",2,0.35,8
USR-3629,7.12,32.8,30,Comedy,1,0.39,4
USR-3630,10.06,13.9,35,Comedy,1,0.34,3
USR-3631,57.2,93.7,43,"Action, Thriller",1,0.58,6
USR-3632,50.66,66.7,25,"Action, Drama, Sci-Fi, Comedy, Documentary",5,0.74,0
USR-3633,64.3,60.1,30,"Animation, Thriller, Horror, Comedy",4,0.4,1
USR-3634,9.99,27.6,24,Comedy,1,0.12,2
USR-3635,58.71,159.4,14,"Sci-Fi, Thriller",2,0.9,3
USR-3636,42.28,125.2,16,Drama,2,0.77,11
USR-3637,68.44,86.1,35,"Action, Thriller",3,0.4,5
USR-3638,42.63,115.5,15,"Sci-Fi, Thriller",2,0.87,4
USR-3639,46.58,94.5,36,"Action, Thriller",2,0.42,6
USR-3640,19.39,26.6,26,Romance,1,0.34,3
USR-3641,17.07,24.6,23,Romance,1,0.48,5
USR-3642,55.12,16.6,42,"Comedy, Documentary, Horror, Thriller, Drama",5,0.37,0
USR-3643,69.28,102.0,33,"Action, Thriller",2,0.52,1
USR-3644,15.63,22.3,33,Romance,1,0.31,13
USR-3645,41.91,100.2,11,Drama,2,0.71,2
USR-3646,46.94,64.8,42,"Romance, Comedy, Action",3,0.36,4
USR-3647,27.9,115.7,18,"Sci-Fi, Thriller",2,0.81,0
USR-3648,44.37,111.2,31,"Action, Thriller",2,0.64,0
USR-3649,11.52,25.9,31,Romance,1,0.36,4
USR-3650,50.12,67.3,58,"Documentary, Drama, Romance, Comedy",4,0.46,0
USR-3651,0.1,18.0,6,Comedy,1,0.3,57
USR-3652,70.82,95.1,40,"Action, Thriller",1,0.59,3
USR-3653,60.98,76.7,46,"Thriller, Comedy, Horror",3,0.5,0
USR-3654,48.7,107.2,27,"Action, Thriller",1,0.32,4
USR-3655,57.49,128.5,12,"Drama, Sci-Fi",2,0.73,0
USR-3656,28.86,107.3,13,"Sci-Fi, Thriller",2,0.79,4
USR-3657,13.47,20.3,28,"Comedy, Romance",1,0.2,7
USR-3658,41.96,136.5,26,"Sci-Fi, Thriller",2,0.8,6
USR-3659,15.73,23.7,35,"Comedy, Romance",1,0.4,3
USR-3660,10.5,30.4,20,"Comedy, Romance",1,0.41,3
USR-3661,14.46,25.0,26,"Comedy, Romance",1,0.27,8
USR-3662,1.6,23.4,2,Sci-Fi,1,0.01,29
USR-3663,72.12,66.6,32,"Action, Thriller",2,0.42,0
USR-3664,53.19,89.1,37,"Action, Thriller",1,0.57,2
USR-3665,79.96,89.2,34,"Action, Thriller",2,0.33,7
USR-3666,4.39,20.0,6,Drama,1,0.3,44
USR-3667,50.79,65.4,50,"Documentary, Thriller, Comedy, Animation",4,0.56,1
USR-3668,55.83,68.9,39,"Romance, Horror, Drama",3,0.46,0
USR-3669,28.85,104.0,17,"Sci-Fi, Thriller",3,0.73,9
USR-3670,27.17,122.9,19,"Sci-Fi, Thriller",2,0.69,25
USR-3671,27.8,55.6,38,"Action, Horror, Documentary, Animation, Romance",5,0.47,4
USR-3672,8.33,29.7,19,Comedy,1,0.35,3
USR-3673,53.3,99.8,45,"Action, Thriller",2,0.53,3
USR-3674,13.99,36.3,29,Romance,2,0.34,1
USR-3675,61.31,69.2,57,"Drama, Sci-Fi, Documentary, Thriller",4,0.75,0
USR-3676,17.97,26.1,18,Comedy,1,0.39,0
USR-3677,4.84,14.4,4,Animation,1,0.2,27
USR-3678,32.78,110.2,10,Drama,3,0.79,4
USR-3679,3.3,19.9,6,Comedy,1,0.45,34
USR-3680,3.82,18.6,3,Thriller,1,0.29,58
USR-3681,65.36,85.9,31,"Action, Thriller",1,0.54,0
USR-3682,9.53,26.1,22,Romance,1,0.28,9
USR-3683,10.43,34.5,23,Comedy,1,0.5,4
USR-3684,13.64,13.5,26,Romance,1,0.31,2
USR-3685,47.73,64.1,35,"Action, Thriller",2,0.48,1
USR-3686,44.63,77.0,20,"Action, Thriller",3,0.54,13
USR-3687,15.96,32.7,31,Comedy,1,0.27,17
USR-3688,61.28,92.7,28,"Action, Thriller",2,0.54,1
USR-3689,44.96,98.5,36,"Action, Thriller",2,0.35,0
USR-3690,61.7,91.6,25,"Action, Thriller",2,0.45,2
USR-3691,42.18,66.4,41,"Documentary, Thriller, Drama, Horror",4,0.38,0
USR-3692,12.35,30.9,31,"Comedy, Romance",1,0.37,2
USR-3693,46.75,63.2,38,"Documentary, Horror, Animation, Drama, Action",5,0.46,1
USR-3694,13.16,13.8,30,Animation,1,0.33,20
USR-3695,64.99,89.3,29,"Action, Thriller",2,0.45,2
USR-3696,33.28,77.9,28,"Action, Thriller",2,0.62,0
USR-3697,34.91,124.1,21,"Sci-Fi, Thriller",3,0.82,0
USR-3698,14.44,27.3,34,Comedy,1,0.38,11
USR-3699,36.49,52.1,54,"Thriller, Animation, Action",3,0.44,0
USR-3700,66.73,78.0,54,"Romance, Sci-Fi, Thriller, Horror, Comedy",5,0.62,0
USR-3701,8.04,14.2,34,Romance,2,0.15,5
USR-3702,62.75,72.7,41,"Action, Thriller",2,0.41,0
USR-3703,14.91,23.0,31,Comedy,2,0.4,6
USR-3704,18.14,28.0,28,Comedy,2,0.4,2
USR-3705,14.57,31.0,25,"Comedy, Romance",1,0.37,11
USR-3706,73.68,93.4,31,"Action, Thriller",3,0.51,0
USR-3707,60.27,67.0,33,"Action, Thriller",2,0.55,0
USR-3708,10.98,18.8,18,"Comedy, Romance",1,0.42,0
USR-3709,11.12,21.9,21,Comedy,1,0.11,0
USR-3710,52.96,60.0,31,"Action, Thriller",2,0.54,1
USR-3711,46.74,84.1,41,"Action, Thriller",1,0.45,1
USR-3712,62.79,108.7,32,"Action, Thriller",3,0.64,1
USR-3713,12.81,36.5,24,Comedy,2,0.25,8
USR-3714,61.75,100.8,48,"Action, Thriller",3,0.42,2
USR-3715,40.16,112.0,17,"Drama, Sci-Fi",3,0.77,1
USR-3716,36.44,50.6,44,"Horror, Sci-Fi, Documentary, Thriller, Romance",5,0.32,1
USR-3717,24.06,126.1,18,"Drama, Sci-Fi",3,0.81,1
USR-3718,12.33,12.6,35,Comedy,1,0.2,5
USR-3719,59.37,77.4,25,"Action, Thriller",2,0.52,4
USR-3720,51.36,95.8,24,"Action, Thriller",2,0.34,0
USR-3721,40.69,122.0,14,"Sci-Fi, Thriller",3,0.88,2
USR-3722,56.23,75.5,25,"Action, Thriller",1,0.4,2
USR-3723,42.97,99.1,20,Drama,2,0.81,5
USR-3724,10.45,28.0,23,Animation,1,0.14,4
USR-3725,54.8,94.8,23,"Action, Thriller",2,0.47,0
USR-3726,31.54,108.3,38,"Action, Thriller",3,0.41,1
USR-3727,49.19,120.3,18,Drama,3,0.71,5
USR-3728,45.42,87.0,23,"Drama, Sci-Fi",2,0.9,0
USR-3729,16.22,31.7,21,Romance,1,0.46,5
USR-3730,4.0,25.0,36,Comedy,1,0.31,3
USR-3731,14.2,26.2,29,Animation,1,0.25,8
USR-3732,10.19,25.3,18,Romance,1,0.33,0
USR-3733,63.92,102.1,38,"Action, Thriller",2,0.41,4
USR-3734,3.09,23.6,6,Thriller,1,0.0,33
USR-3735,49.76,62.3,44,"Horror, Sci-Fi, Animation",3,0.44,3
USR-3736,3.55,20.9,3,Animation,1,0.11,39
USR-3737,61.53,72.8,47,"Action, Thriller",2,0.3,1
USR-3738,60.79,93.9,31,"Action, Thriller",2,0.48,5
USR-3739,22.73,110.3,14,Drama,2,0.74,0
USR-3740,54.83,50.9,43,"Thriller, Drama, Horror",3,0.56,0
USR-3741,50.06,78.1,27,"Action, Thriller",2,0.45,3
USR-3742,4.9,7.9,3,Action,1,0.28,46
USR-3743,12.4,39.9,23,Romance,1,0.26,5
USR-3744,41.32,158.0,18,"Sci-Fi, Thriller",3,0.72,0
USR-3745,37.24,77.8,42,"Action, Animation, Comedy",3,0.52,0
USR-3746,44.78,95.3,24,"Sci-Fi, Thriller",3,0.7,0
USR-3747,53.22,25.3,45,"Sci-Fi, Animation, Comedy, Thriller, Horror",5,0.37,2
USR-3748,51.98,143.2,19,Drama,2,0.79,4
USR-3749,13.25,96.1,16,"Drama, Sci-Fi",2,0.91,3
USR-3750,58.62,71.7,41,"Romance, Sci-Fi, Drama, Animation",4,0.38,8
USR-3751,11.53,25.9,30,"Comedy, Romance",1,0.28,2
USR-3752,50.4,88.9,40,"Action, Thriller",2,0.27,7
USR-3753,27.72,108.9,21,"Sci-Fi, Thriller",2,0.76,4
USR-3754,46.63,56.9,60,"Documentary, Drama, Action, Romance",4,0.71,0
USR-3755,16.01,21.8,29,Comedy,1,0.21,2
USR-3756,24.77,100.8,20,"Sci-Fi, Thriller",2,0.84,4
USR-3757,3.9,20.5,1,Drama,1,0.31,38
USR-3758,19.86,28.3,35,Comedy,1,0.4,8
USR-3759,60.65,57.2,55,"Horror, Documentary, Animation",3,0.43,2
USR-3760,50.98,63.5,62,"Sci-Fi, Horror, Documentary, Comedy",4,0.52,0
USR-3761,13.78,22.1,25,Romance,1,0.33,2
USR-3762,68.66,67.5,47,"Action, Thriller",3,0.37,1
USR-3763,10.56,18.3,22,Animation,2,0.42,3
USR-3764,53.95,80.4,33,"Action, Thriller",2,0.63,2
USR-3765,43.41,59.9,36,"Comedy, Documentary, Thriller",3,0.52,0
USR-3766,49.22,91.9,36,"Action, Thriller",3,0.17,1
USR-3767,66.85,71.9,32,"Action, Thriller",3,0.41,0
USR-3768,43.16,93.6,36,"Action, Thriller",2,0.32,3
USR-3769,42.52,115.4,15,"Drama, Sci-Fi",2,0.7,1
USR-3770,46.95,97.0,36,"Action, Thriller",2,0.44,6
USR-3771,36.32,79.1,28,"Action, Thriller",2,0.43,1
USR-3772,67.53,103.9,34,"Action, Thriller",3,0.58,7
USR-3773,45.32,154.6,20,Drama,2,0.85,6
USR-3774,13.58,26.2,32,Comedy,2,0.37,6
USR-3775,64.24,90.0,46,"Action, Thriller",1,0.45,3
USR-3776,0.1,18.0,6,Thriller,1,0.29,26
USR-3777,14.69,25.4,36,"Comedy, Romance",1,0.15,15
USR-3778,51.1,58.0,35,"Action, Horror, Comedy, Romance",4,0.51,1
USR-3779,55.9,108.3,37,"Action, Thriller",2,0.37,1
USR-3780,37.85,82.5,35,"Action, Thriller",2,0.23,9
USR-3781,41.79,101.1,39,"Action, Thriller",2,0.33,11
USR-3782,41.69,56.6,46,"Animation, Romance, Thriller",3,0.69,7
USR-3783,19.83,75.9,52,"Thriller, Drama, Animation, Sci-Fi",4,0.41,6
USR-3784,8.08,27.9,25,Comedy,1,0.39,1
USR-3785,49.79,55.8,37,"Sci-Fi, Thriller, Animation, Documentary",4,0.59,0
USR-3786,9.4,26.1,31,Animation,1,0.28,0
USR-3787,41.2,107.9,16,"Drama, Sci-Fi",3,0.89,2
USR-3788,3.73,14.0,6,Horror,1,0.3,55
USR-3789,37.45,74.3,34,"Action, Thriller",1,0.55,3
USR-3790,63.58,80.6,31,"Action, Thriller",2,0.36,2
USR-3791,38.17,55.4,39,"Animation, Thriller, Comedy, Action",4,0.34,0
USR-3792,9.88,31.4,27,Romance,1,0.23,1
USR-3793,21.28,149.4,34,"Sci-Fi, Thriller",3,0.76,9
USR-3794,12.17,24.2,27,Romance,1,0.14,7
USR-3795,69.36,84.5,30,"Action, Thriller",2,0.41,1
USR-3796,7.04,14.4,22,Romance,1,0.43,0
USR-3797,7.99,24.5,28,Animation,1,0.4,0
USR-3798,6.18,24.6,34,Animation,1,0.53,0
USR-3799,15.43,26.3,22,Animation,1,0.49,14
USR-3800,11.74,38.2,35,"Comedy, Romance",1,0.33,0
USR-3801,32.21,120.9,28,"Sci-Fi, Thriller",2,0.8,0
USR-3802,40.74,114.6,19,Drama,2,0.96,0
USR-3803,39.67,95.3,42,"Action, Thriller",2,0.34,1
USR-3804,2.18,21.6,8,Animation,1,0.4,23
USR-3805,2.27,16.5,21,"Comedy, Romance",2,0.39,22
USR-3806,43.25,75.8,34,"Action, Thriller",2,0.36,2
USR-3807,41.68,108.0,19,"Sci-Fi, Thriller",2,0.87,1
USR-3808,58.83,56.2,43,"Sci-Fi, Thriller, Animation, Drama, Action",5,0.66,1
USR-3809,6.58,14.4,24,Comedy,1,0.36,1
USR-3810,41.48,93.7,43,"Action, Thriller",2,0.33,6
USR-3811,7.55,21.0,26,Animation,1,0.34,3
USR-3812,61.58,83.2,44,"Action, Animation, Horror, Comedy, Drama",5,0.56,1
USR-3813,46.21,63.0,55,"Drama, Thriller, Sci-Fi, Horror, Action",5,0.73,4
USR-3814,35.52,71.2,23,Drama,2,0.86,2
USR-3815,64.96,103.2,11,"Action, Thriller",3,0.72,0
USR-3816,56.83,116.7,20,"Sci-Fi, Thriller",2,0.77,1
USR-3817,33.05,104.2,32,"Action, Thriller",2,0.48,0
USR-3818,39.07,117.7,17,Drama,3,0.82,7
USR-3819,33.67,90.4,38,"Action, Thriller",2,0.48,4
USR-3820,14.87,22.5,19,"Comedy, Romance",2,0.41,1
USR-3821,39.13,105.6,49,"Action, Thriller",2,0.31,6
USR-3822,3.23,21.4,5,Drama,1,0.16,25
USR-3823,69.12,63.8,30,"Action, Thriller",1,0.25,2
USR-3824,41.5,115.8,19,Drama,2,0.98,3
USR-3825,50.61,113.1,20,Drama,2,0.84,4
USR-3826,41.11,118.0,21,Drama,2,0.82,1
USR-3827,2.34,15.9,3,Sci-Fi,1,0.24,39
USR-3828,60.47,75.4,31,"Comedy, Thriller, Documentary, Romance, Drama",5,0.42,2
USR-3829,32.38,111.0,14,Drama,2,0.68,2
USR-3830,44.61,69.9,30,"Action, Thriller",2,0.34,0
USR-3831,49.83,73.9,28,"Action, Thriller",2,0.41,2
USR-3832,13.37,31.1,23,Animation,1,0.21,0
USR-3833,8.6,21.2,25,"Comedy, Romance",2,0.32,0
USR-3834,12.18,17.3,25,Romance,2,0.41,10
USR-3835,13.27,20.9,25,Comedy,1,0.28,1
USR-3836,34.61,97.1,35,"Horror, Comedy, Drama",3,0.28,1
USR-3837,37.92,85.3,13,"Sci-Fi, Thriller",2,0.74,11
USR-3838,4.07,13.7,1,Thriller,1,0.28,55
USR-3839,61.76,77.7,32,"Action, Thriller",2,0.42,5
USR-3840,13.56,27.6,39,"Comedy, Romance",1,0.45,4
USR-3841,67.23,84.7,36,"Action, Thriller",2,0.49,0
USR-3842,44.78,112.1,28,"Drama, Sci-Fi",2,0.83,2
USR-3843,55.12,77.2,38,"Action, Thriller",2,0.4,0
USR-3844,51.16,88.5,31,"Action, Thriller",2,0.36,4
USR-3845,44.24,61.7,56,"Thriller, Documentary, Action",3,0.56,1
USR-3846,10.46,17.8,23,Romance,2,0.19,12
USR-3847,19.62,23.1,32,Comedy,1,0.12,0
USR-3848,12.14,27.3,30,Animation,2,0.33,0
USR-3849,48.24,42.0,46,"Animation, Comedy, Documentary, Sci-Fi, Romance",5,0.58,0
USR-3850,35.65,126.3,22,"Sci-Fi, Thriller",2,0.82,9
USR-3851,20.42,27.3,40,Romance,1,0.37,2
USR-3852,49.45,91.9,36,"Action, Thriller",3,0.59,0
USR-3853,32.4,117.1,24,"Sci-Fi, Thriller",2,0.86,2
USR-3854,15.98,19.2,30,"Comedy, Romance",1,0.32,1
USR-3855,12.66,20.3,37,Romance,2,0.33,0
USR-3856,19.74,26.9,28,"Comedy, Romance",1,0.3,25
USR-3857,11.64,37.2,24,Animation,1,0.32,41
USR-3858,3.09,6.9,1,Animation,1,0.12,50
USR-3859,8.99,26.2,28,Animation,1,0.51,1
USR-3860,33.15,95.0,37,"Action, Thriller",3,0.53,8
USR-3861,50.34,121.0,14,"Drama, Sci-Fi",3,0.82,0
USR-3862,68.65,86.2,31,"Action, Thriller",1,0.49,5
USR-3863,16.7,27.9,25,Animation,1,0.32,5
USR-3864,7.64,26.0,36,Comedy,1,0.23,10
USR-3865,55.5,74.4,32,"Action, Thriller",3,0.41,0
USR-3866,6.92,107.7,15,"Drama, Sci-Fi",3,0.63,17
USR-3867,56.48,88.6,33,"Animation, Romance, Action",3,0.54,1
USR-3868,8.23,18.7,29,Romance,1,0.44,7
USR-3869,2.35,20.0,3,Romance,1,0.24,37
USR-3870,15.86,24.1,32,Comedy,1,0.29,4
USR-3871,3.35,9.0,3,Documentary,1,0.31,39
USR-3872,51.98,138.0,18,"Drama, Sci-Fi",3,0.88,5
USR-3873,18.96,20.8,21,"Comedy, Romance",1,0.23,7
USR-3874,37.97,60.3,40,"Action, Thriller",1,0.59,1
USR-3875,15.57,30.2,21,"Comedy, Romance",1,0.35,15
USR-3876,11.29,23.8,27,Animation,2,0.42,8
USR-3877,45.52,127.9,19,Drama,2,0.85,4
USR-3878,46.22,81.1,37,"Documentary, Horror, Sci-Fi, Action, Romance",5,0.42,1
USR-3879,6.45,24.0,23,"Comedy, Romance",1,0.46,16
USR-3880,9.03,26.8,25,Romance,1,0.35,6
USR-3881,45.4,113.0,26,"Action, Thriller",2,0.21,0
USR-3882,1.17,16.8,3,Romance,1,0.35,28
USR-3883,52.67,90.2,32,"Action, Thriller",2,0.63,0
USR-3884,43.3,100.1,29,"Action, Thriller",2,0.51,3
USR-3885,8.38,22.5,37,Romance,1,0.47,14
USR-3886,54.1,64.3,39,"Action, Thriller",3,0.44,1
USR-3887,49.79,72.9,41,"Action, Thriller",2,0.63,4
USR-3888,35.04,64.7,47,"Thriller, Comedy, Action, Horror, Romance",5,0.57,2
USR-3889,33.68,84.6,24,Drama,2,0.7,0
USR-3890,4.55,11.5,1,Action,1,0.0,39
USR-3891,41.06,147.6,16,"Drama, Sci-Fi",2,0.77,3
USR-3892,82.02,64.1,27,"Action, Thriller",2,0.32,1
USR-3893,5.11,11.7,7,Animation,1,0.34,20
USR-3894,12.46,31.5,26,Animation,1,0.3,7
USR-3895,15.47,21.2,31,Animation,1,0.51,0
USR-3896,11.05,25.8,35,Romance,2,0.33,2
USR-3897,40.45,112.6,36,"Action, Thriller",2,0.44,1
USR-3898,14.9,28.0,33,Comedy,2,0.49,0
USR-3899,69.97,98.7,41,"Action, Thriller",1,0.35,2
USR-3900,15.23,26.8,27,Romance,1,0.25,1
USR-3901,14.65,15.4,29,Romance,2,0.43,0
USR-3902,21.5,75.0,31,"Sci-Fi, Comedy, Romance, Horror",4,0.62,0
USR-3903,71.84,114.9,49,"Action, Thriller",3,0.56,7
USR-3904,45.92,92.4,37,"Action, Thriller",2,0.37,4
USR-3905,12.22,8.9,31,Animation,1,0.48,7
USR-3906,12.3,33.1,30,Comedy,1,0.57,1
USR-3907,10.63,25.2,37,Animation,2,0.31,6
USR-3908,48.01,45.0,25,"Horror, Sci-Fi, Animation, Drama, Documentary",5,0.65,4
USR-3909,55.7,87.4,25,"Action, Thriller",1,0.51,0
USR-3910,4.12,26.5,3,Drama,1,0.0,29
USR-3911,52.82,107.2,12,"Drama, Sci-Fi",2,0.81,3
USR-3912,56.32,78.5,43,"Action, Thriller",3,0.48,5
USR-3913,41.27,109.7,17,"Sci-Fi, Thriller",3,0.82,1
USR-3914,32.46,89.4,30,"Sci-Fi, Thriller",2,0.88,10
USR-3915,48.69,93.0,25,"Action, Thriller",1,0.48,1
USR-3916,9.82,32.5,24,"Comedy, Romance",1,0.22,9
USR-3917,43.46,39.6,38,"Animation, Sci-Fi, Drama",3,0.67,2
USR-3918,46.07,141.2,22,"Sci-Fi, Thriller",3,0.65,0
USR-3919,44.93,128.0,19,"Drama, Sci-Fi",2,0.71,8
USR-3920,47.89,129.5,24,"Sci-Fi, Thriller",2,0.91,0
USR-3921,65.93,77.1,30,"Action, Documentary, Drama, Thriller, Comedy",5,0.68,1
USR-3922,49.88,44.3,41,"Thriller, Documentary, Horror",3,0.26,5
USR-3923,43.49,101.1,39,"Action, Thriller",2,0.4,7
USR-3924,50.61,94.6,34,"Action, Thriller",2,0.32,1
USR-3925,1.07,22.8,4,Thriller,1,0.07,42
USR-3926,17.26,123.7,15,"Drama, Sci-Fi",2,0.79,6
USR-3927,39.66,164.4,21,"Drama, Sci-Fi",3,0.85,0
USR-3928,11.44,31.5,34,"Comedy, Romance",1,0.39,22
USR-3929,64.12,92.6,38,"Action, Thriller",2,0.54,3
USR-3930,0.45,18.9,8,Drama,1,0.35,56
USR-3931,61.41,119.4,34,"Action, Thriller",2,0.63,6
USR-3932,57.58,79.4,41,"Action, Animation, Documentary, Romance, Horror",5,0.52,1
USR-3933,30.9,115.8,22,Drama,2,0.76,10
USR-3934,46.42,88.9,15,"Drama, Sci-Fi",2,0.87,3
USR-3935,38.32,146.3,19,Drama,2,0.86,2
USR-3936,0.84,7.3,5,Action,1,0.13,57
USR-3937,62.18,58.3,46,"Sci-Fi, Animation, Documentary, Action, Comedy",5,0.39,3
USR-3938,11.88,30.0,25,"Comedy, Romance",1,0.48,3
USR-3939,8.18,39.8,27,Animation,1,0.31,16
USR-3940,9.23,17.8,20,"Comedy, Romance",1,0.46,26
USR-3941,54.91,85.5,74,"Animation, Horror, Thriller",3,0.55,1
USR-3942,21.02,32.4,32,Romance,1,0.28,9
USR-3943,11.94,21.1,24,Animation,1,0.42,19
USR-3944,12.68,28.0,29,Comedy,1,0.38,26
USR-3945,8.85,23.2,26,Romance,1,0.51,6
USR-3946,62.65,83.6,39,"Action, Thriller",2,0.51,1
USR-3947,31.69,115.3,14,Drama,2,0.77,3
USR-3948,12.44,36.3,34,Romance,1,0.47,3
USR-3949,17.25,22.5,27,Romance,1,0.2,2
USR-3950,42.1,77.8,41,"Action, Thriller",2,0.47,0
USR-3951,70.69,82.9,34,"Action, Thriller",2,0.57,2
USR-3952,15.07,21.3,27,Romance,1,0.14,1
USR-3953,64.4,89.7,30,"Action, Thriller",2,0.47,1
USR-3954,8.67,29.9,31,Animation,1,0.42,14
USR-3955,13.15,15.2,28,"Comedy, Romance",1,0.27,4
USR-3956,0.71,21.1,7,Documentary,1,0.21,57
USR-3957,10.09,26.2,30,"Comedy, Romance",1,0.52,2
USR-3958,32.11,146.0,16,"Drama, Sci-Fi",2,0.8,3
USR-3959,56.68,91.5,49,"Action, Thriller",2,0.45,1
USR-3960,64.29,90.5,33,"Action, Thriller",2,0.34,1
USR-3961,60.04,85.9,48,"Drama, Sci-Fi, Comedy",3,0.49,1
USR-3962,23.26,103.5,19,"Sci-Fi, Thriller",3,0.8,1
USR-3963,75.26,99.9,30,"Action, Thriller",3,0.56,1
USR-3964,56.96,107.8,40,"Action, Thriller",2,0.46,0
USR-3965,48.21,37.5,38,"Sci-Fi, Animation, Horror, Drama, Comedy",5,0.39,3
USR-3966,17.6,135.3,12,Drama,3,0.64,0
USR-3967,1.93,22.9,4,Animation,1,0.22,30
USR-3968,43.85,105.3,23,"Drama, Sci-Fi",2,0.8,0
USR-3969,3.0,14.3,5,Comedy,1,0.36,49
USR-3970,13.66,22.8,29,"Comedy, Romance",1,0.27,1
USR-3971,66.84,95.8,23,"Action, Thriller",2,0.48,0
USR-3972,68.36,92.1,42,"Action, Thriller",2,0.51,6
USR-3973,11.62,32.0,22,Animation,1,0.26,21
USR-3974,12.85,38.9,41,Comedy,1,0.32,11
USR-3975,52.48,98.0,39,"Action, Thriller",2,0.61,0
USR-3976,40.01,110.7,27,Drama,2,0.85,1
USR-3977,7.92,13.4,22,Animation,1,0.47,20
USR-3978,57.29,54.8,32,"Drama, Sci-Fi, Romance, Action",4,0.57,0
USR-3979,43.3,84.2,17,"Drama, Sci-Fi",3,0.94,7
USR-3980,41.89,120.2,30,"Action, Thriller",1,0.35,3
USR-3981,7.65,23.4,15,Comedy,1,0.23,9
USR-3982,11.87,15.9,29,Animation,1,0.36,13
USR-3983,26.9,90.8,26,Drama,2,0.82,3
USR-3984,47.42,79.4,30,"Action, Thriller",2,0.44,7
USR-3985,67.79,96.2,28,"Action, Thriller",1,0.41,3
USR-3986,46.11,110.0,15,Drama,2,0.88,4
USR-3987,6.18,19.2,28,"Comedy, Romance",1,0.23,9
USR-3988,3.72,19.9,5,Horror,1,0.26,34
USR-3989,50.23,74.9,42,"Action, Thriller",1,0.42,1
USR-3990,56.58,110.5,48,"Action, Thriller",2,0.47,4
USR-3991,13.34,25.6,13,Romance,1,0.26,3
USR-3992,13.4,23.3,28,"Comedy, Romance",1,0.25,6
USR-3993,4.36,15.5,7,Thriller,1,0.27,30
USR-3994,28.67,106.2,19,"Drama, Sci-Fi",3,0.83,1
USR-3995,4.37,19.5,4,Sci-Fi,1,0.18,39
USR-3996,56.02,94.8,43,"Action, Thriller",2,0.45,2
USR-3997,67.07,57.0,53,"Thriller, Animation, Action, Drama",4,0.38,4
USR-3998,10.16,23.3,28,Comedy,2,0.23,4
USR-3999,24.81,20.6,28,Romance,1,0.47,9
USR-4000,53.24,74.2,21,"Sci-Fi, Thriller",3,0.85,0
USR-4001,11.53,27.3,32,Animation,2,0.19,11
USR-4002,15.93,34.0,17,Animation,1,0.3,10
USR-4003,35.26,114.6,21,"Sci-Fi, Thriller",2,0.79,1
USR-4004,5.48,23.2,4,Romance,1,0.22,36
USR-4005,9.57,17.8,30,Animation,1,0.36,11
USR-4006,14.09,20.9,32,Romance,2,0.33,2
USR-4007,30.99,60.0,68,"Sci-Fi, Horror, Action, Drama, Thriller",5,0.33,5
USR-4008,58.12,81.2,31,"Action, Thriller",3,0.54,0
USR-4009,7.62,22.0,28,"Comedy, Romance",1,0.2,0
USR-4010,32.31,124.0,14,"Sci-Fi, Thriller",2,0.87,2
USR-4011,23.51,124.3,27,"Action, Thriller",2,0.5,5
USR-4012,24.95,88.5,30,"Action, Thriller",3,0.32,3
USR-4013,6.28,28.6,33,"Comedy, Romance",2,0.37,3
USR-4014,16.31,23.6,22,Romance,2,0.36,2
USR-4015,6.44,39.3,29,Animation,1,0.33,3
USR-4016,5.74,19.6,34,Romance,1,0.29,1
USR-4017,11.28,21.0,21,Romance,1,0.31,1
USR-4018,39.28,150.1,15,"Sci-Fi, Thriller",3,0.76,3
USR-4019,67.24,89.3,40,"Action, Thriller",2,0.49,0
USR-4020,3.15,13.0,3,Animation,1,0.46,40
USR-4021,17.25,17.0,28,Romance,2,0.45,11
USR-4022,38.75,58.1,50,"Comedy, Drama, Romance",3,0.51,0
USR-4023,44.0,112.7,10,Drama,3,0.85,4
USR-4024,14.19,28.6,33,"Comedy, Romance",1,0.47,1
USR-4025,0.1,12.5,6,Comedy,1,0.51,34
USR-4026,57.47,64.5,56,"Thriller, Drama, Comedy",3,0.35,0
USR-4027,16.67,29.6,31,Comedy,1,0.47,7
USR-4028,45.33,124.4,17,"Sci-Fi, Thriller",3,0.73,4
USR-4029,15.19,21.0,23,Comedy,1,0.4,28
USR-4030,6.26,21.4,28,Romance,1,0.31,9
USR-4031,36.21,135.4,28,"Drama, Sci-Fi",2,0.88,5
USR-4032,13.09,17.9,23,Animation,1,0.26,2
USR-4033,11.53,23.9,26,Romance,1,0.32,3
USR-4034,31.65,96.8,19,Drama,2,0.87,4
USR-4035,39.64,85.5,47,"Action, Thriller",1,0.51,0
USR-4036,55.54,103.6,27,"Sci-Fi, Thriller",2,0.74,1
USR-4037,12.24,13.5,38,Comedy,1,0.34,9
USR-4038,72.74,94.7,29,"Action, Thriller",1,0.35,8
USR-4039,9.44,25.6,15,Animation,1,0.19,3
USR-4040,59.29,89.3,25,"Action, Thriller",1,0.59,9
USR-4041,63.97,95.4,43,"Action, Thriller",2,0.43,4
USR-4042,39.57,114.7,21,"Drama, Sci-Fi",2,0.78,2
USR-4043,20.8,22.7,34,Animation,2,0.44,5
USR-4044,10.91,21.2,30,Romance,1,0.42,1
USR-4045,8.94,21.0,32,"Comedy, Romance",2,0.41,6
USR-4046,5.19,26.1,23,Animation,2,0.36,2
USR-4047,3.66,8.2,7,Comedy,1,0.22,32
USR-4048,71.53,56.1,40,"Comedy, Drama, Animation, Horror",4,0.28,2
USR-4049,2.24,20.6,3,Animation,1,0.27,33
USR-4050,47.59,120.0,17,"Drama, Sci-Fi",2,0.7,19
USR-4051,11.4,28.6,26,"Comedy, Romance",2,0.33,3
USR-4052,7.86,16.3,35,Animation,1,0.36,3
USR-4053,12.03,34.5,25,"Comedy, Romance",2,0.38,7
USR-4054,46.73,74.1,20,"Drama, Sci-Fi",3,0.65,0
USR-4055,31.94,137.0,10,"Sci-Fi, Thriller",2,0.82,3
USR-4056,14.95,15.4,38,"Comedy, Romance",1,0.31,5
USR-4057,51.61,90.6,33,"Action, Thriller",2,0.62,4
USR-4058,2.82,11.9,2,Comedy,1,0.04,41
USR-4059,32.85,74.1,44,"Documentary, Drama, Romance, Horror, Animation",5,0.71,4
USR-4060,65.55,86.7,32,"Action, Thriller",2,0.61,0
USR-4061,64.65,142.1,24,Drama,2,0.74,3
USR-4062,1.54,23.7,6,Thriller,1,0.55,55
USR-4063,31.12,102.2,21,Drama,2,0.88,0
USR-4064,13.82,21.7,24,Romance,1,0.38,8
USR-4065,13.68,35.6,32,Comedy,2,0.23,11
USR-4066,2.28,18.0,6,Action,1,0.24,45
USR-4067,12.32,23.5,26,Romance,1,0.34,1
USR-4068,43.74,149.4,16,"Sci-Fi, Thriller",3,0.68,3
USR-4069,35.52,162.6,18,"Drama, Sci-Fi",2,0.81,6
USR-4070,6.56,30.5,30,Comedy,1,0.26,25
USR-4071,13.08,13.2,20,Animation,1,0.33,2
USR-4072,51.15,66.8,29,"Action, Thriller",2,0.53,0
USR-4073,9.97,21.6,35,Romance,1,0.28,0
USR-4074,27.7,120.6,22,Drama,2,0.98,4
USR-4075,6.62,29.0,26,Comedy,2,0.33,6
USR-4076,39.94,94.5,38,"Action, Thriller",3,0.36,2
USR-4077,54.6,49.8,46,"Thriller, Drama, Action, Comedy, Animation",5,0.47,1
USR-4078,2.46,13.4,6,Romance,1,0.2,34
USR-4079,46.34,101.4,34,"Action, Thriller",2,0.38,0
USR-4080,52.08,84.3,23,"Action, Thriller",2,0.36,3
USR-4081,40.57,76.4,37,"Comedy, Romance, Thriller, Drama, Documentary",5,0.55,4
USR-4082,45.78,116.0,19,"Sci-Fi, Thriller",2,0.82,8
USR-4083,11.26,25.0,27,Animation,1,0.54,2
USR-4084,19.62,129.2,20,Drama,2,0.76,5
USR-4085,0.65,16.2,2,Sci-Fi,1,0.16,27
USR-4086,33.39,111.2,15,"Drama, Sci-Fi",3,0.78,4
USR-4087,60.49,81.9,35,"Action, Thriller",3,0.49,3
USR-4088,3.57,16.0,1,Animation,1,0.28,39
USR-4089,14.41,27.7,24,Romance,1,0.21,4
USR-4090,11.13,17.6,27,Animation,1,0.3,15
USR-4091,62.74,38.0,66,"Comedy, Horror, Animation, Action",4,0.56,1
USR-4092,14.54,41.7,49,"Action, Drama, Animation, Sci-Fi, Documentary",5,0.54,0
USR-4093,38.19,103.9,27,Drama,2,0.88,1
USR-4094,4.6,21.7,30,Animation,1,0.39,5
USR-4095,1.08,20.6,3,Action,1,0.41,53
USR-4096,40.09,115.3,18,"Drama, Sci-Fi",3,0.79,3
USR-4097,11.97,27.9,31,Comedy,2,0.32,1
USR-4098,34.17,122.3,15,"Drama, Sci-Fi",2,0.86,0
USR-4099,43.9,65.5,35,"Action, Thriller",2,0.36,4
USR-4100,1.69,19.3,5,Comedy,1,0.23,26
USR-4101,13.66,34.4,19,Romance,1,0.39,1
USR-4102,3.22,26.4,17,"Comedy, Romance",2,0.43,5
USR-4103,35.45,121.7,23,"Sci-Fi, Thriller",3,0.79,0
USR-4104,23.15,122.1,20,"Drama, Sci-Fi",2,0.84,5
USR-4105,9.33,22.3,26,Animation,1,0.29,5
USR-4106,66.63,116.5,34,"Action, Thriller",3,0.51,2
USR-4107,3.64,9.0,3,Comedy,1,0.23,51
USR-4108,30.35,102.0,11,Drama,2,0.73,0
USR-4109,13.25,26.5,29,Animation,2,0.26,7
USR-4110,37.58,126.2,14,"Sci-Fi, Thriller",3,0.71,0
USR-4111,59.1,47.9,39,"Drama, Romance, Horror, Documentary, Sci-Fi",5,0.63,1
USR-4112,41.04,121.9,17,Drama,2,0.76,0
USR-4113,32.09,123.4,27,"Drama, Sci-Fi",2,0.88,0
USR-4114,56.88,86.5,38,"Horror, Action, Comedy, Romance, Thriller",5,0.44,0
USR-4115,4.71,21.2,4,Documentary,1,0.1,56
USR-4116,14.09,23.5,30,Comedy,2,0.31,4
USR-4117,57.58,121.3,39,"Action, Thriller",2,0.32,3
USR-4118,16.3,108.2,19,Drama,3,0.74,5
USR-4119,6.35,20.5,5,Thriller,1,0.41,40
USR-4120,15.05,144.4,11,Drama,3,0.92,8
USR-4121,9.78,35.4,33,Animation,2,0.2,6
USR-4122,17.42,29.7,26,"Comedy, Romance",1,0.32,6
USR-4123,48.84,63.0,44,"Documentary, Drama, Horror, Comedy",4,0.5,2
USR-4124,59.5,48.2,55,"Drama, Sci-Fi, Thriller, Horror, Documentary",5,0.54,0
USR-4125,33.81,121.3,23,"Drama, Sci-Fi",2,0.79,1
USR-4126,69.07,81.8,48,"Action, Thriller",1,0.28,0
USR-4127,31.41,45.0,48,"Thriller, Drama, Comedy, Documentary, Animation",5,0.58,0
USR-4128,71.72,52.5,46,"Horror, Sci-Fi, Comedy, Drama, Action",5,0.35,4
USR-4129,52.09,103.0,35,"Action, Thriller",3,0.57,3
USR-4130,10.06,32.4,30,Animation,1,0.29,4
USR-4131,23.44,83.8,19,"Sci-Fi, Thriller",2,0.76,3
USR-4132,13.53,30.4,27,Comedy,1,0.34,6
USR-4133,0.1,20.6,25,"Comedy, Romance",2,0.44,22
USR-4134,13.99,26.8,26,Animation,2,0.13,2
USR-4135,19.24,34.0,22,Animation,2,0.15,4
USR-4136,21.86,73.2,43,"Thriller, Horror, Animation, Documentary, Comedy",5,0.37,2
USR-4137,48.37,119.9,24,"Action, Thriller",2,0.57,1
USR-4138,36.86,98.8,26,"Sci-Fi, Thriller",3,0.74,3
USR-4139,11.94,34.0,31,Comedy,2,0.27,3
USR-4140,57.44,83.9,48,"Horror, Comedy, Drama, Animation, Action",5,0.48,1
USR-4141,31.34,114.0,23,"Sci-Fi, Thriller",2,0.74,7
USR-4142,45.93,100.1,50,"Action, Thriller",2,0.44,6
USR-4143,14.48,18.4,40,Romance,1,0.27,10
USR-4144,15.69,22.3,22,Romance,1,0.34,0
USR-4145,53.37,87.5,32,"Action, Thriller",1,0.46,0
USR-4146,17.93,132.3,22,Drama,3,0.95,3
USR-4147,11.46,28.4,29,Animation,1,0.2,3
USR-4148,54.69,54.6,55,"Romance, Drama, Animation, Documentary",4,0.41,6
USR-4149,35.39,59.2,21,"Sci-Fi, Comedy, Documentary, Romance",4,0.41,1
USR-4150,15.64,24.3,30,"Comedy, Romance",1,0.3,3
USR-4151,52.15,81.8,35,"Action, Thriller",3,0.62,0
USR-4152,54.01,100.0,25,"Action, Thriller",3,0.44,3
USR-4153,12.28,22.6,31,Romance,2,0.31,15
USR-4154,41.93,79.5,49,"Action, Romance, Drama, Comedy",4,0.48,2
USR-4155,69.37,82.9,38,"Action, Thriller",3,0.43,5
USR-4156,6.77,23.6,4,Action,1,0.44,29
USR-4157,8.19,22.4,23,"Comedy, Romance",1,0.34,1
USR-4158,55.08,79.6,45,"Horror, Comedy, Documentary, Romance",4,0.55,2
USR-4159,4.4,23.5,18,Animation,2,0.38,2
USR-4160,37.52,79.8,20,"Sci-Fi, Thriller",2,0.89,0
USR-4161,60.3,122.3,16,"Sci-Fi, Thriller",2,0.71,19
USR-4162,40.84,101.5,24,"Sci-Fi, Thriller",2,0.92,1
USR-4163,2.24,11.6,4,Thriller,1,0.13,41
USR-4164,42.22,75.5,48,"Action, Thriller",2,0.52,4
USR-4165,35.14,79.4,33,"Action, Thriller",2,0.38,0
USR-4166,16.23,36.1,29,"Comedy, Romance",1,0.39,2
USR-4167,54.86,94.6,36,"Action, Thriller",3,0.47,1
USR-4168,31.08,38.7,41,"Thriller, Romance, Horror",3,0.3,4
USR-4169,70.9,97.3,28,"Action, Thriller",3,0.43,1
USR-4170,12.79,21.4,23,Comedy,2,0.46,0
USR-4171,42.46,69.7,52,"Thriller, Comedy, Documentary, Drama, Horror",5,0.46,2
USR-4172,44.39,87.3,23,"Sci-Fi, Thriller",3,0.93,3
USR-4173,46.41,71.7,22,"Drama, Horror, Animation",3,0.46,0
USR-4174,10.47,16.4,32,Comedy,1,0.23,6
USR-4175,65.32,78.8,34,"Action, Thriller",1,0.6,0
USR-4176,14.65,34.1,26,Romance,2,0.53,2
USR-4177,72.31,104.3,44,"Action, Thriller",2,0.58,0
USR-4178,6.05,21.5,8,Documentary,1,0.53,57
USR-4179,56.49,93.4,48,"Action, Thriller",2,0.28,0
USR-4180,53.56,80.3,51,"Action, Horror, Sci-Fi, Romance",4,0.43,1
USR-4181,10.22,26.4,26,Comedy,1,0.13,1
USR-4182,1.32,21.4,19,Romance,2,0.31,20
USR-4183,37.42,138.5,11,"Drama, Sci-Fi",2,0.85,2
USR-4184,11.03,21.7,34,Animation,1,0.37,1
USR-4185,15.26,63.6,47,"Romance, Thriller, Drama, Horror",4,0.47,0
USR-4186,9.05,13.3,21,Animation,1,0.34,0
USR-4187,50.4,84.8,40,"Thriller, Romance, Drama, Comedy",4,0.42,0
USR-4188,14.93,28.9,29,Romance,1,0.3,3
USR-4189,14.98,28.8,22,Comedy,2,0.27,13
USR-4190,55.19,64.9,27,"Action, Thriller",2,0.42,11
USR-4191,9.46,34.7,32,Animation,1,0.44,1
USR-4192,10.35,24.9,23,Romance,1,0.41,4
USR-4193,8.75,26.5,30,Animation,1,0.23,10
USR-4194,52.33,127.0,16,"Drama, Sci-Fi",2,0.74,9
USR-4195,9.95,25.2,24,Animation,1,0.37,5
USR-4196,4.52,20.6,6,Animation,1,0.15,39
USR-4197,53.52,55.7,43,"Thriller, Animation, Action",3,0.55,4
USR-4198,16.18,24.2,38,Animation,2,0.24,2
USR-4199,56.34,99.5,36,"Action, Thriller",1,0.36,2
USR-4200,39.61,96.4,20,"Drama, Sci-Fi",3,0.94,3
USR-4201,56.89,80.8,28,"Action, Thriller",2,0.46,7
USR-4202,24.12,112.4,18,"Sci-Fi, Thriller",3,0.72,7
USR-4203,50.95,73.6,40,"Action, Thriller",1,0.34,1
USR-4204,17.23,27.5,33,Animation,1,0.31,19
USR-4205,52.66,68.8,44,"Comedy, Documentary, Animation, Drama, Romance",5,0.6,2
USR-4206,56.31,88.6,13,"Sci-Fi, Thriller",3,0.8,0
USR-4207,74.69,84.0,38,"Action, Thriller",1,0.48,12
USR-4208,51.64,61.1,37,"Documentary, Sci-Fi, Horror",3,0.5,1
USR-4209,3.62,31.9,3,Comedy,1,0.32,38
USR-4210,18.87,17.0,21,Comedy,1,0.32,3
USR-4211,3.43,9.7,3,Horror,1,0.11,52
USR-4212,52.25,54.3,60,"Documentary, Action, Comedy, Drama, Animation",5,0.59,1
USR-4213,21.51,61.6,25,"Thriller, Drama, Animation, Romance, Horror",5,0.37,2
USR-4214,2.87,20.6,28,Romance,1,0.22,14
USR-4215,53.56,136.4,19,"Drama, Sci-Fi",3,0.94,2
USR-4216,48.65,90.4,29,"Action, Thriller",1,0.49,8
USR-4217,27.39,57.7,71,"Action, Romance, Animation, Drama, Sci-Fi",5,0.53,2
USR-4218,40.92,85.6,42,"Action, Thriller",2,0.51,6
USR-4219,5.13,22.9,3,Documentary,1,0.19,36
USR-4220,43.96,80.7,46,"Action, Thriller",2,0.51,0
USR-4221,66.83,81.0,22,"Action, Thriller",1,0.4,2
USR-4222,41.64,92.7,28,"Sci-Fi, Thriller",3,0.75,4
USR-4223,10.01,21.4,24,"Comedy, Romance",2,0.43,2
USR-4224,15.26,31.5,28,Comedy,2,0.47,6
USR-4225,13.47,32.4,25,Comedy,1,0.51,2
USR-4226,7.45,21.8,23,Romance,1,0.38,11
USR-4227,67.8,87.9,44,"Action, Thriller",2,0.36,0
USR-4228,52.63,56.6,46,"Comedy, Action, Documentary",3,0.67,4
USR-4229,9.44,16.2,29,Romance,1,0.31,14
USR-4230,37.76,66.5,30,"Comedy, Drama, Horror, Thriller",4,0.49,1
USR-4231,5.02,21.6,7,Documentary,1,0.46,34
USR-4232,17.36,21.4,25,"Comedy, Romance",1,0.44,17
USR-4233,52.49,73.0,26,"Action, Thriller",2,0.29,3
USR-4234,3.28,11.3,6,Drama,1,0.24,59
USR-4235,6.11,32.9,29,"Comedy, Romance",2,0.46,6
USR-4236,51.58,85.3,43,"Documentary, Comedy, Animation",3,0.15,0
USR-4237,14.33,22.2,26,"Comedy, Romance",1,0.27,2
USR-4238,3.29,31.5,3,Thriller,1,0.21,52
USR-4239,39.09,155.4,12,"Drama, Sci-Fi",2,0.78,9
USR-4240,45.49,85.0,20,Drama,3,0.78,2
USR-4241,11.04,21.3,32,Animation,1,0.42,2
USR-4242,43.85,36.2,31,"Sci-Fi, Drama, Romance, Comedy, Horror",5,0.51,3
USR-4243,83.65,85.2,36,"Action, Thriller",3,0.36,8
USR-4244,7.96,19.4,26,Romance,1,0.23,4
USR-4245,61.5,67.4,29,"Comedy, Sci-Fi, Thriller, Documentary, Romance",5,0.51,1
USR-4246,25.55,95.4,39,"Action, Thriller",2,0.5,1
USR-4247,49.82,104.2,40,"Action, Thriller",3,0.43,6
USR-4248,3.6,21.6,5,Documentary,1,0.24,45
USR-4249,13.96,33.1,33,Romance,1,0.5,27
USR-4250,39.95,65.7,21,Drama,2,1.0,2
USR-4251,39.7,40.3,39,"Drama, Animation, Romance, Action",4,0.36,0
USR-4252,35.49,123.7,12,"Sci-Fi, Thriller",2,0.88,0
USR-4253,35.74,66.1,55,"Comedy, Sci-Fi, Thriller, Horror",4,0.45,0
USR-4254,13.75,15.8,35,Comedy,1,0.55,0
USR-4255,38.15,136.7,22,"Sci-Fi, Thriller",3,0.84,0
USR-4256,36.16,65.0,50,"Sci-Fi, Action, Drama",3,0.31,0
USR-4257,48.73,106.4,37,"Action, Thriller",2,0.34,1
USR-4258,48.07,134.1,27,"Sci-Fi, Thriller",2,0.8,1
USR-4259,12.75,28.9,19,"Comedy, Romance",2,0.35,1
USR-4260,31.16,101.4,26,"Action, Thriller",3,0.64,1
USR-4261,51.75,99.4,14,"Sci-Fi, Thriller",3,0.93,11
USR-4262,14.17,23.6,34,Animation,1,0.29,2
USR-4263,33.87,99.8,33,"Sci-Fi, Thriller",2,0.85,4
USR-4264,38.55,62.8,34,"Action, Thriller",2,0.37,0
USR-4265,18.73,26.2,38,"Comedy, Romance",2,0.21,11
USR-4266,43.63,66.8,42,"Thriller, Sci-Fi, Comedy",3,0.75,2
USR-4267,15.07,23.2,22,"Comedy, Romance",2,0.37,4
USR-4268,48.09,93.1,34,"Action, Thriller",1,0.46,2
USR-4269,54.67,120.3,28,"Action, Thriller",3,0.55,3
USR-4270,2.36,22.6,6,Comedy,1,0.23,24
USR-4271,58.72,81.4,44,"Romance, Comedy, Animation, Sci-Fi, Horror",5,0.61,0
USR-4272,10.17,18.3,21,Comedy,1,0.48,3
USR-4273,6.57,8.2,3,Comedy,1,0.35,51
USR-4274,53.31,90.8,34,"Action, Thriller",2,0.5,9
USR-4275,13.42,25.1,27,Comedy,1,0.22,2
USR-4276,50.17,74.8,31,"Action, Thriller",3,0.58,3
USR-4277,44.45,111.9,25,"Sci-Fi, Thriller",2,0.87,0
USR-4278,56.14,79.6,40,"Action, Thriller",2,0.47,0
USR-4279,54.33,105.3,18,"Action, Thriller",1,0.44,4
USR-4280,16.22,21.5,27,Comedy,1,0.35,5
USR-4281,12.39,29.1,28,Animation,1,0.36,4
USR-4282,16.53,29.6,33,"Comedy, Romance",1,0.4,1
USR-4283,25.86,141.3,26,Drama,2,0.85,2
USR-4284,14.21,23.3,31,"Comedy, Romance",1,0.41,0
USR-4285,47.9,122.7,17,"Sci-Fi, Thriller",3,0.67,1
USR-4286,61.42,84.4,20,Drama,3,0.86,4
USR-4287,6.24,24.3,29,Animation,2,0.26,2
USR-4288,59.52,104.1,28,"Drama, Sci-Fi",2,0.74,4
USR-4289,33.73,74.0,18,Drama,3,0.82,0
USR-4290,29.22,155.4,13,"Drama, Sci-Fi",2,0.79,2
USR-4291,33.37,65.5,65,"Horror, Drama, Comedy",3,0.39,0
USR-4292,8.48,36.4,20,Romance,1,0.3,12
USR-4293,64.69,52.6,41,"Action, Thriller",2,0.45,0
USR-4294,2.18,11.6,5,Animation,1,0.25,43
USR-4295,2.37,20.0,5,Romance,1,0.31,46
USR-4296,16.57,35.0,28,Comedy,1,0.47,12
USR-4297,58.77,121.7,16,"Drama, Sci-Fi",2,0.71,5
USR-4298,9.28,19.3,36,"Comedy, Romance",1,0.26,16
USR-4299,1.49,16.0,2,Drama,1,0.07,21
USR-4300,11.67,33.9,35,"Comedy, Romance",2,0.26,6
USR-4301,3.78,30.3,6,Drama,1,0.2,21
USR-4302,18.22,20.8,28,"Comedy, Romance",2,0.41,7
USR-4303,59.73,44.5,36,"Horror, Drama, Thriller, Animation",4,0.68,0
USR-4304,34.19,80.2,18,Drama,2,0.64,11
USR-4305,48.41,109.9,34,"Action, Thriller",3,0.58,1
USR-4306,11.58,27.2,27,Romance,1,0.28,6
USR-4307,57.6,97.3,44,"Sci-Fi, Horror, Thriller",3,0.5,5
USR-4308,13.46,17.7,23,Animation,2,0.35,5
USR-4309,52.33,70.9,46,"Thriller, Drama, Horror",3,0.5,2
USR-4310,10.69,40.8,28,Romance,1,0.56,6
USR-4311,37.6,129.0,24,"Sci-Fi, Thriller",2,0.83,5
USR-4312,53.54,120.3,22,"Action, Thriller",1,0.33,1
USR-4313,19.53,20.9,36,Comedy,1,0.33,1
USR-4314,8.64,30.4,35,Animation,2,0.26,9
USR-4315,8.78,19.3,33,"Comedy, Romance",2,0.42,17
USR-4316,12.69,28.8,33,Comedy,1,0.32,0
USR-4317,3.55,21.8,6,Animation,1,0.19,33
USR-4318,8.44,27.1,23,Romance,1,0.44,0
USR-4319,28.07,49.3,37,"Comedy, Horror, Documentary, Action, Sci-Fi",5,0.56,0
USR-4320,65.06,90.5,37,"Action, Thriller",2,0.4,2
USR-4321,3.7,24.0,8,Drama,1,0.11,40
USR-4322,2.6,29.1,7,Animation,1,0.5,20
USR-4323,11.86,29.9,35,Animation,1,0.11,19
USR-4324,13.79,21.8,33,Comedy,2,0.35,18
USR-4325,74.76,108.0,27,"Action, Thriller",2,0.38,1
USR-4326,0.1,11.1,3,Thriller,1,0.28,52
USR-4327,33.34,96.7,30,"Action, Thriller",3,0.35,0
USR-4328,38.93,137.0,15,"Sci-Fi, Thriller",2,0.98,8
USR-4329,33.41,66.7,36,"Drama, Horror, Comedy, Action, Thriller",5,0.55,0
USR-4330,65.57,77.1,32,"Action, Thriller",3,0.42,2
USR-4331,21.56,111.9,22,"Drama, Sci-Fi",2,0.68,0
USR-4332,50.63,99.3,30,"Action, Thriller",2,0.62,7
USR-4333,19.34,55.1,48,"Drama, Thriller, Documentary, Action, Romance",5,0.52,0
USR-4334,12.58,33.8,26,Romance,1,0.23,0
USR-4335,24.53,97.2,16,"Drama, Sci-Fi",2,0.84,17
USR-4336,30.83,74.9,26,"Drama, Action, Thriller, Sci-Fi",4,0.37,1
USR-4337,0.1,122.7,20,"Drama, Sci-Fi",3,0.86,1
USR-4338,9.2,25.1,26,Comedy,1,0.3,0
USR-4339,12.62,20.8,24,Animation,1,0.2,6
USR-4340,5.94,14.6,34,Romance,1,0.24,0
USR-4341,31.74,70.2,53,"Sci-Fi, Action, Horror, Comedy",4,0.44,1
USR-4342,63.11,87.1,34,"Action, Thriller",2,0.47,2
USR-4343,36.06,99.6,20,"Sci-Fi, Thriller",2,0.75,1
USR-4344,9.58,28.7,19,Animation,1,0.38,0
USR-4345,13.27,17.0,39,Romance,1,0.29,1
USR-4346,14.79,33.2,30,Animation,2,0.23,28
USR-4347,13.01,30.1,40,Comedy,2,0.24,5
USR-4348,44.74,105.6,17,Drama,3,0.8,1
USR-4349,11.65,20.8,30,"Comedy, Romance",2,0.34,2
USR-4350,28.45,112.5,20,"Drama, Sci-Fi",3,0.74,1
USR-4351,54.48,87.9,22,"Drama, Sci-Fi",3,0.86,12
USR-4352,12.55,21.9,30,"Comedy, Romance",1,0.33,12
USR-4353,73.06,85.9,30,"Action, Thriller",2,0.4,0
USR-4354,33.84,106.5,22,Drama,2,0.81,9
USR-4355,34.67,110.8,12,"Sci-Fi, Thriller",2,0.7,1
USR-4356,37.21,121.9,19,"Drama, Sci-Fi",2,0.84,4
USR-4357,2.59,19.2,8,Action,1,0.24,48
USR-4358,15.32,20.2,30,Romance,1,0.43,19
USR-4359,8.94,32.1,31,Comedy,1,0.33,11
USR-4360,72.24,76.6,37,"Action, Thriller",2,0.48,1
USR-4361,75.64,88.8,25,"Documentary, Action, Animation, Comedy",4,0.38,0
USR-4362,41.3,122.5,19,Drama,2,0.81,4
USR-4363,46.25,128.4,26,"Drama, Sci-Fi",3,0.7,10
USR-4364,10.66,25.2,30,Comedy,1,0.38,5
USR-4365,12.66,28.4,22,Animation,2,0.28,24
USR-4366,12.58,30.2,16,"Comedy, Romance",1,0.33,2
USR-4367,70.3,65.9,22,"Action, Thriller",2,0.53,1
USR-4368,44.5,85.0,35,"Action, Thriller",1,0.27,0
USR-4369,37.89,120.8,11,Drama,2,0.76,4
USR-4370,3.19,16.9,7,Sci-Fi,1,0.25,37
USR-4371,12.95,26.3,28,Animation,2,0.24,4
USR-4372,28.37,140.1,27,"Sci-Fi, Thriller",3,0.7,0
USR-4373,29.79,102.4,21,Drama,3,0.9,0
USR-4374,53.11,45.5,66,"Thriller, Drama, Documentary, Animation",4,0.31,6
USR-4375,38.48,64.3,44,"Horror, Sci-Fi, Romance",3,0.54,8
USR-4376,52.59,56.2,41,"Documentary, Animation, Action",3,0.65,1
USR-4377,52.01,122.2,19,Drama,2,0.79,4
USR-4378,9.05,28.6,33,Animation,1,0.32,0
USR-4379,53.4,66.7,57,"Romance, Documentary, Action, Sci-Fi, Thriller",5,0.55,8
USR-4380,34.03,76.4,53,"Action, Thriller",2,0.48,0
USR-4381,42.71,68.4,44,"Action, Thriller",1,0.43,0
USR-4382,41.01,126.6,20,"Sci-Fi, Thriller",2,0.66,1
USR-4383,10.85,32.4,26,Animation,1,0.47,3
USR-4384,52.02,102.6,37,"Action, Thriller",1,0.43,4
USR-4385,29.69,142.8,23,Drama,2,0.8,4
USR-4386,49.1,95.4,25,"Action, Thriller",1,0.37,0
USR-4387,1.61,25.1,5,Thriller,1,0.01,47
USR-4388,51.77,82.0,42,"Sci-Fi, Horror, Action, Drama, Documentary",5,0.6,1
USR-4389,3.0,20.9,8,Documentary,1,0.3,34
USR-4390,15.62,28.4,27,Animation,1,0.37,2
USR-4391,46.43,68.0,38,"Drama, Documentary, Horror, Animation, Romance",5,0.33,1
USR-4392,57.56,87.8,40,"Action, Thriller",1,0.65,1
USR-4393,45.24,36.0,40,"Comedy, Drama, Animation",3,0.52,2
USR-4394,3.68,17.5,4,Sci-Fi,1,0.32,43
USR-4395,57.01,60.9,34,"Action, Thriller",1,0.63,3
USR-4396,49.99,108.6,24,"Action, Thriller",2,0.58,6
USR-4397,51.54,135.4,12,"Drama, Sci-Fi",3,0.8,1
USR-4398,46.83,140.1,17,"Drama, Sci-Fi",2,0.84,1
USR-4399,52.41,105.3,25,"Action, Thriller",3,0.39,4
USR-4400,16.3,20.6,36,"Comedy, Romance",2,0.33,0
USR-4401,32.48,109.4,18,"Drama, Sci-Fi",2,0.82,3
USR-4402,33.27,69.4,46,"Animation, Thriller, Drama, Romance, Sci-Fi",5,0.41,1
USR-4403,49.69,125.2,31,"Action, Thriller",2,0.22,5
USR-4404,62.2,107.0,40,"Action, Thriller",1,0.43,1
USR-4405,13.88,25.9,34,Romance,2,0.38,8
USR-4406,43.23,96.1,27,"Action, Thriller",2,0.49,2
USR-4407,49.51,76.8,44,"Action, Thriller",1,0.44,1
USR-4408,15.6,16.2,33,Romance,2,0.28,3
USR-4409,61.03,112.1,31,"Action, Thriller",1,0.32,5
USR-4410,50.27,81.4,39,"Action, Thriller",2,0.58,0
USR-4411,9.26,33.5,41,Comedy,2,0.27,9
USR-4412,12.98,29.3,27,Romance,2,0.16,13
USR-4413,45.22,112.8,26,"Sci-Fi, Thriller",2,0.89,8
USR-4414,18.72,31.6,27,"Comedy, Romance",1,0.37,7
USR-4415,13.45,34.1,25,Romance,2,0.43,2
USR-4416,14.21,32.2,18,"Comedy, Romance",2,0.31,4
USR-4417,1.58,12.1,4,Horror,1,0.39,29
USR-4418,54.16,53.1,42,"Thriller, Animation, Drama, Documentary, Action",5,0.41,0
USR-4419,53.27,87.3,53,"Action, Documentary, Horror",3,0.65,0
USR-4420,2.03,23.6,3,Drama,1,0.23,51
USR-4421,45.49,94.8,36,"Action, Thriller",2,0.53,4
USR-4422,37.44,167.4,21,Drama,3,0.74,8
USR-4423,31.48,104.0,20,"Sci-Fi, Thriller",2,0.66,5
USR-4424,54.03,104.2,38,"Action, Thriller",1,0.53,1
USR-4425,79.38,99.1,28,"Action, Thriller",2,0.52,1
USR-4426,35.47,132.9,28,Drama,2,0.78,0
USR-4427,9.0,29.6,25,Romance,2,0.44,14
USR-4428,73.08,94.3,24,"Action, Thriller",2,0.55,6
USR-4429,15.39,39.6,33,Comedy,2,0.22,0
USR-4430,12.87,17.8,17,"Comedy, Romance",1,0.56,0
USR-4431,10.52,25.8,25,"Comedy, Romance",1,0.34,1
USR-4432,45.34,77.3,40,"Action, Thriller",2,0.15,7
USR-4433,37.44,96.1,10,"Drama, Sci-Fi",2,0.73,21
USR-4434,32.01,69.0,27,"Animation, Thriller, Romance, Action, Comedy",5,0.51,0
USR-4435,22.9,155.8,8,"Drama, Sci-Fi",2,0.65,2
USR-4436,13.83,39.8,28,"Comedy, Romance",1,0.24,0
USR-4437,2.86,14.7,7,Documentary,1,0.28,56
USR-4438,16.09,33.6,23,Animation,1,0.34,2
USR-4439,14.73,24.7,32,"Comedy, Romance",1,0.39,17
USR-4440,44.54,105.7,19,"Drama, Sci-Fi",2,0.62,1
USR-4441,76.03,85.6,32,"Action, Thriller",2,0.26,4
USR-4442,44.51,112.2,55,"Action, Thriller",2,0.42,3
USR-4443,44.95,149.1,13,"Sci-Fi, Thriller",2,0.75,15
USR-4444,11.4,30.9,26,Romance,2,0.35,23
USR-4445,53.06,78.1,35,"Action, Thriller",1,0.45,0
USR-4446,9.11,18.5,29,Comedy,2,0.39,0
USR-4447,64.82,88.4,28,"Action, Thriller",2,0.45,3
USR-4448,32.92,126.7,19,Drama,2,0.73,3
USR-4449,31.07,130.9,15,"Drama, Sci-Fi",3,0.75,26
USR-4450,31.75,104.2,29,Drama,3,0.79,6
USR-4451,48.45,116.3,8,"Sci-Fi, Thriller",2,0.84,0
USR-4452,4.55,19.2,6,Comedy,1,0.17,27
USR-4453,41.07,70.9,39,"Animation, Comedy, Thriller, Romance, Sci-Fi",5,0.27,0
USR-4454,4.77,11.1,7,Drama,1,0.39,41
USR-4455,5.16,26.9,42,Romance,1,0.35,2
USR-4456,48.88,66.0,40,"Animation, Horror, Sci-Fi, Documentary",4,0.59,0
USR-4457,47.32,88.9,42,"Action, Thriller",3,0.35,7
USR-4458,14.09,23.6,30,Romance,1,0.49,7
USR-4459,58.14,86.8,37,"Comedy, Sci-Fi, Thriller",3,0.4,3
USR-4460,56.55,108.2,28,"Action, Thriller",2,0.49,6
USR-4461,10.47,20.5,32,Romance,1,0.25,7
USR-4462,37.03,138.4,18,"Sci-Fi, Thriller",2,0.73,1
USR-4463,14.06,25.9,33,Comedy,2,0.23,4
USR-4464,7.45,28.4,26,Comedy,1,0.29,6
USR-4465,78.3,77.2,40,"Thriller, Animation, Comedy, Action, Documentary",5,0.47,2
USR-4466,0.17,20.0,6,Action,1,0.0,38
USR-4467,18.9,34.1,32,Comedy,2,0.53,6
USR-4468,62.24,33.3,42,"Documentary, Animation, Sci-Fi",3,0.13,5
USR-4469,30.41,105.5,19,Drama,2,0.8,1
USR-4470,46.47,52.6,64,"Romance, Animation, Drama",3,0.32,0
USR-4471,13.54,26.4,28,Animation,1,0.27,2
USR-4472,64.37,68.6,38,"Action, Thriller",2,0.38,1
USR-4473,14.76,66.8,41,"Romance, Action, Thriller",3,0.61,0
USR-4474,64.67,76.8,36,"Action, Thriller",2,0.46,3
USR-4475,65.43,94.1,39,"Action, Thriller",2,0.52,4
USR-4476,2.0,24.1,1,Romance,1,0.41,52
USR-4477,33.3,50.8,50,"Thriller, Documentary, Action, Comedy",4,0.53,0
USR-4478,79.15,95.8,37,"Action, Thriller",2,0.35,0
USR-4479,10.95,35.3,34,"Comedy, Romance",2,0.39,20
USR-4480,17.25,22.0,33,Comedy,2,0.48,0
USR-4481,43.45,113.2,24,"Action, Thriller",2,0.39,0
USR-4482,9.89,35.0,38,Romance,1,0.42,3
USR-4483,2.44,25.7,9,Action,1,0.34,56
USR-4484,8.23,40.4,37,"Comedy, Romance",1,0.27,3
USR-4485,36.48,105.4,23,"Drama, Sci-Fi",2,0.78,11
USR-4486,9.2,12.8,24,Animation,1,0.14,10
USR-4487,82.15,97.3,25,"Action, Thriller",3,0.4,0
USR-4488,14.33,33.5,32,Animation,1,0.41,3
USR-4489,0.88,23.9,3,Thriller,1,0.15,25
USR-4490,7.79,26.9,23,Comedy,1,0.29,0
USR-4491,41.73,84.6,49,"Action, Thriller",3,0.57,1
USR-4492,15.13,20.8,37,Animation,1,0.14,0
USR-4493,34.65,155.3,23,Drama,2,0.76,2
USR-4494,36.63,116.9,36,"Action, Thriller",1,0.37,0
USR-4495,49.49,60.0,61,"Animation, Sci-Fi, Drama, Horror, Comedy",5,0.28,0
USR-4496,13.2,41.6,27,Animation,1,0.29,1
USR-4497,4.08,23.6,14,Comedy,2,0.38,3
USR-4498,38.74,90.4,17,"Sci-Fi, Thriller",2,0.65,5
USR-4499,10.54,16.6,27,Animation,1,0.32,6
USR-4500,3.61,17.3,5,Sci-Fi,1,0.18,24
USR-4501,9.9,29.2,32,Comedy,2,0.24,0
USR-4502,40.73,136.9,22,"Drama, Sci-Fi",2,0.58,2
USR-4503,67.62,85.1,28,"Action, Thriller",2,0.63,0
USR-4504,45.32,67.5,33,"Action, Thriller",2,0.52,0
USR-4505,21.21,157.7,23,"Sci-Fi, Thriller",2,0.82,4
USR-4506,2.27,17.5,3,Comedy,1,0.19,44
USR-4507,4.34,19.7,3,Comedy,1,0.1,20
USR-4508,9.84,16.0,31,Comedy,1,0.42,1
USR-4509,4.36,14.5,2,Thriller,1,0.08,21
USR-4510,35.11,107.7,17,"Drama, Sci-Fi",2,0.77,0
USR-4511,60.89,120.4,24,"Drama, Sci-Fi",2,0.84,3
USR-4512,74.04,99.4,25,"Action, Thriller",2,0.39,0
USR-4513,44.18,73.7,30,"Action, Thriller",2,0.39,0
USR-4514,5.4,19.3,30,Romance,2,0.39,11
USR-4515,10.05,26.4,29,Romance,1,0.38,4
USR-4516,44.87,140.3,14,"Sci-Fi, Thriller",3,0.65,1
USR-4517,39.96,66.6,43,"Sci-Fi, Drama, Animation, Comedy, Documentary",5,0.55,1
USR-4518,3.11,21.6,7,Romance,1,0.22,34
USR-4519,1.42,16.3,5,Comedy,1,0.48,49
USR-4520,60.77,87.0,21,"Action, Thriller",2,0.41,1
USR-4521,53.68,72.6,40,"Drama, Action, Horror, Animation, Comedy",5,0.39,1
USR-4522,54.64,110.2,47,"Action, Thriller",1,0.41,1
USR-4523,26.78,116.7,14,"Sci-Fi, Thriller",2,0.71,0
USR-4524,13.79,26.0,26,"Comedy, Romance",1,0.36,0
USR-4525,39.32,51.3,50,"Action, Documentary, Sci-Fi, Drama, Animation",5,0.42,4
USR-4526,52.81,88.7,37,"Action, Thriller",1,0.43,0
USR-4527,27.42,125.2,21,Drama,3,0.87,0
USR-4528,54.87,105.0,33,"Action, Thriller",1,0.53,3
USR-4529,33.06,82.7,41,"Animation, Romance, Action, Sci-Fi, Horror",5,0.37,0
USR-4530,1.6,13.2,7,Sci-Fi,1,0.35,58
USR-4531,1.17,16.8,4,Documentary,1,0.26,31
USR-4532,47.72,61.8,53,"Thriller, Drama, Sci-Fi",3,0.48,6
USR-4533,51.02,89.6,48,"Action, Thriller",3,0.37,1
USR-4534,13.49,18.1,32,Animation,2,0.22,4
USR-4535,44.88,108.9,15,Drama,3,0.86,1
USR-4536,63.12,95.4,34,"Action, Thriller",2,0.37,3
USR-4537,4.5,25.6,5,Romance,1,0.13,23
USR-4538,15.06,27.1,28,Comedy,1,0.26,4
USR-4539,65.37,106.6,36,"Action, Thriller",2,0.35,0
USR-4540,47.31,54.9,71,"Comedy, Romance, Documentary",3,0.39,4
USR-4541,1.76,24.0,3,Animation,1,0.18,56
USR-4542,3.28,17.9,3,Sci-Fi,1,0.33,27
USR-4543,44.25,115.6,45,"Action, Thriller",2,0.46,1
USR-4544,1.96,13.3,3,Thriller,1,0.16,55
USR-4545,48.62,72.6,41,"Documentary, Drama, Romance, Sci-Fi",4,0.5,2
USR-4546,68.65,50.8,47,"Drama, Animation, Horror, Romance, Sci-Fi",5,0.5,1
USR-4547,13.79,118.4,20,"Sci-Fi, Thriller",2,0.83,1
USR-4548,9.55,40.6,26,Animation,1,0.46,16
USR-4549,0.78,11.8,3,Sci-Fi,1,0.44,40
USR-4550,10.63,33.8,25,"Comedy, Romance",1,0.24,0
USR-4551,70.73,116.2,34,"Action, Thriller",2,0.39,2
USR-4552,34.75,86.1,19,"Drama, Sci-Fi",3,0.88,1
USR-4553,45.13,81.5,42,"Action, Thriller",2,0.29,3
USR-4554,11.97,25.0,24,"Comedy, Romance",1,0.41,1
USR-4555,51.03,114.2,12,Drama,3,0.63,0
USR-4556,12.85,17.5,36,"Comedy, Romance",1,0.36,4
USR-4557,31.28,88.2,37,"Documentary, Thriller, Comedy, Horror, Drama",5,0.41,1
USR-4558,70.49,77.3,52,"Drama, Documentary, Action",3,0.49,0
USR-4559,4.92,31.9,26,Animation,2,0.38,2
USR-4560,23.94,121.2,18,"Sci-Fi, Thriller",2,0.77,2
USR-4561,46.7,84.0,33,"Action, Thriller",2,0.36,0
USR-4562,14.82,30.1,22,Romance,1,0.26,9
USR-4563,53.64,71.1,21,"Action, Thriller",1,0.26,4
USR-4564,11.08,36.2,24,"Comedy, Romance",1,0.36,5
USR-4565,13.41,20.2,29,"Comedy, Romance",1,0.54,1
USR-4566,50.53,86.8,27,"Action, Thriller",3,0.62,2
USR-4567,57.05,144.0,16,"Drama, Sci-Fi",2,0.7,8
USR-4568,12.01,17.1,24,Romance,2,0.48,10
USR-4569,1.59,14.4,5,Documentary,1,0.25,51
USR-4570,12.24,19.2,29,Romance,2,0.25,3
USR-4571,14.63,13.0,30,"Comedy, Romance",1,0.22,7
USR-4572,1.95,20.7,8,Romance,1,0.19,58
USR-4573,57.02,100.2,38,"Action, Thriller",3,0.18,7
USR-4574,32.29,142.3,25,"Sci-Fi, Thriller",3,0.79,0
USR-4575,54.36,66.1,37,"Action, Thriller",3,0.44,1
USR-4576,29.79,75.4,43,"Drama, Animation, Sci-Fi, Romance",4,0.52,3
USR-4577,53.24,107.3,26,"Sci-Fi, Thriller",3,0.8,8
USR-4578,12.67,22.3,31,Romance,2,0.48,33
USR-4579,49.06,101.4,35,"Action, Thriller",2,0.46,0
USR-4580,63.14,94.6,40,"Action, Thriller",2,0.5,11
USR-4581,56.79,55.6,30,"Comedy, Documentary, Drama, Animation, Horror",5,0.4,0
USR-4582,32.85,72.8,43,"Action, Thriller",2,0.38,1
USR-4583,4.72,28.0,26,Romance,1,0.22,1
USR-4584,15.24,34.1,34,"Comedy, Romance",1,0.3,0
USR-4585,48.59,53.7,36,"Action, Thriller, Horror, Animation",4,0.6,0
USR-4586,50.18,67.2,55,"Romance, Animation, Comedy",3,0.5,0
USR-4587,42.73,89.8,15,"Sci-Fi, Thriller",2,0.85,3
USR-4588,22.93,31.3,23,Romance,2,0.43,7
USR-4589,11.14,17.1,32,"Comedy, Romance",2,0.4,24
USR-4590,0.99,10.9,5,Thriller,1,0.35,53
USR-4591,50.9,116.8,28,Drama,2,0.71,0
USR-4592,10.49,42.5,25,Animation,1,0.44,19
USR-4593,29.2,94.0,26,"Action, Thriller",2,0.49,14
USR-4594,10.08,24.8,16,Comedy,1,0.21,5
USR-4595,39.12,140.9,16,"Sci-Fi, Thriller",2,0.71,3
USR-4596,31.23,124.4,22,Drama,2,0.69,4
USR-4597,9.2,26.2,28,Romance,1,0.52,14
USR-4598,63.63,44.5,45,"Drama, Comedy, Romance",3,0.62,0
USR-4599,30.78,91.0,18,"Sci-Fi, Thriller",3,0.86,0
USR-4600,38.22,77.1,48,"Sci-Fi, Thriller, Documentary, Drama, Animation",5,0.47,2
USR-4601,12.66,18.2,33,"Comedy, Romance",1,0.38,10
USR-4602,13.16,28.8,31,Animation,2,0.32,11
USR-4603,30.76,128.3,10,"Sci-Fi, Thriller",3,0.78,9
USR-4604,18.76,29.8,25,Romance,1,0.4,1
USR-4605,37.78,162.7,18,"Drama, Sci-Fi",3,0.66,0
USR-4606,17.9,17.3,32,Romance,2,0.47,4
USR-4607,42.35,83.5,65,"Comedy, Sci-Fi, Drama",3,0.75,0
USR-4608,4.52,18.9,8,Thriller,1,0.07,34
USR-4609,17.41,23.5,33,Comedy,1,0.22,1
USR-4610,48.85,93.5,41,"Animation, Documentary, Action",3,0.27,7
USR-4611,61.33,80.3,39,"Action, Thriller",2,0.43,3
USR-4612,0.1,19.7,4,Animation,1,0.19,35
USR-4613,8.51,27.2,25,Comedy,1,0.46,10
USR-4614,55.37,57.2,51,"Animation, Documentary, Sci-Fi",3,0.55,5
USR-4615,4.27,18.5,5,Sci-Fi,1,0.1,28
USR-4616,54.71,96.6,42,"Action, Thriller",1,0.37,0
USR-4617,13.59,27.7,21,Animation,1,0.41,0
USR-4618,28.36,84.9,29,"Action, Thriller",2,0.46,0
USR-4619,7.17,21.1,24,Romance,1,0.33,2
USR-4620,49.34,35.4,52,"Comedy, Animation, Drama, Horror",4,0.4,3
USR-4621,44.31,72.3,35,"Action, Thriller",1,0.51,1
USR-4622,51.75,66.5,34,"Action, Thriller",1,0.45,2
USR-4623,55.38,107.3,17,Drama,3,0.88,2
USR-4624,39.85,107.4,55,"Action, Thriller",2,0.29,4
USR-4625,2.98,21.0,5,Romance,1,0.08,38
USR-4626,38.31,117.6,24,Drama,2,0.83,1
USR-4627,54.07,14.5,51,"Action, Sci-Fi, Animation, Romance",4,0.35,0
USR-4628,48.15,97.7,45,"Thriller, Documentary, Comedy, Romance, Sci-Fi",5,0.63,3
USR-4629,13.94,34.1,34,Comedy,2,0.31,0
USR-4630,1.39,24.5,3,Romance,1,0.23,30
USR-4631,4.03,27.1,6,Action,1,0.33,56
USR-4632,55.86,88.8,33,"Action, Thriller",1,0.48,1
USR-4633,13.02,23.9,30,Romance,1,0.29,4
USR-4634,39.21,36.1,46,"Thriller, Sci-Fi, Romance, Animation",4,0.46,0
USR-4635,13.8,118.4,22,"Drama, Sci-Fi",3,0.89,0
USR-4636,4.4,11.6,8,Thriller,1,0.44,31
USR-4637,32.74,123.4,25,"Drama, Sci-Fi",2,0.78,5
USR-4638,14.34,18.2,27,Romance,1,0.39,17
USR-4639,59.34,81.2,42,"Action, Thriller",3,0.35,0
USR-4640,50.79,83.8,40,"Action, Thriller",2,0.41,0
USR-4641,51.18,55.8,42,"Comedy, Action, Drama, Thriller",4,0.69,0
USR-4642,10.76,24.5,24,Comedy,1,0.29,5
USR-4643,22.82,148.0,27,Drama,3,0.9,8
USR-4644,14.48,33.7,33,"Comedy, Romance",1,0.35,0
USR-4645,61.75,53.5,48,"Action, Horror, Thriller",3,0.69,5
USR-4646,45.08,98.8,34,"Action, Thriller",2,0.47,1
USR-4647,55.98,57.7,33,"Drama, Animation, Comedy, Sci-Fi",4,0.58,1
USR-4648,63.22,105.9,36,"Action, Thriller",3,0.37,2
USR-4649,3.97,31.1,24,Romance,1,0.37,4
USR-4650,30.99,48.5,47,"Horror, Sci-Fi, Animation, Drama, Thriller",5,0.86,3
USR-4651,69.28,102.2,18,"Action, Thriller",2,0.55,2
USR-4652,42.74,99.5,43,"Action, Thriller",2,0.36,1
USR-4653,60.74,95.2,34,"Action, Thriller",1,0.46,8
USR-4654,11.99,19.5,24,Animation,1,0.24,1
USR-4655,44.15,86.4,35,"Action, Thriller",3,0.32,2
USR-4656,9.09,21.3,33,"Comedy, Romance",1,0.39,0
USR-4657,48.96,123.0,31,"Action, Thriller",2,0.52,2
USR-4658,4.45,27.9,30,Animation,2,0.3,11
USR-4659,65.88,61.5,41,"Drama, Action, Animation, Comedy",4,0.63,5
USR-4660,9.36,28.9,33,Romance,1,0.42,13
USR-4661,40.71,125.3,17,Drama,2,0.82,1
USR-4662,15.08,34.1,33,Animation,2,0.23,4
USR-4663,55.27,125.0,40,"Action, Thriller",3,0.56,8
USR-4664,64.94,83.2,30,"Action, Thriller",2,0.32,2
USR-4665,50.01,138.7,17,Drama,3,0.79,0
USR-4666,38.05,65.9,53,"Horror, Drama, Sci-Fi, Action, Romance",5,0.63,0
USR-4667,57.81,99.9,44,"Action, Thriller",2,0.37,0
USR-4668,35.36,113.8,19,"Drama, Sci-Fi",3,0.68,0
USR-4669,36.57,142.9,16,"Sci-Fi, Thriller",3,0.83,1
USR-4670,43.12,96.1,44,"Action, Thriller",2,0.49,4
USR-4671,34.04,151.4,17,"Sci-Fi, Thriller",3,0.76,0
USR-4672,63.46,117.8,22,"Drama, Sci-Fi",2,0.71,2
USR-4673,56.76,65.9,43,"Sci-Fi, Comedy, Romance, Animation",4,0.47,11
USR-4674,11.96,17.6,31,Animation,1,0.17,10
USR-4675,22.95,137.7,27,"Sci-Fi, Thriller",3,0.92,4
USR-4676,53.1,57.1,28,"Action, Drama, Thriller",3,0.6,3
USR-4677,29.69,92.1,28,"Drama, Sci-Fi",2,0.74,0
USR-4678,56.63,74.5,37,"Comedy, Animation, Thriller",3,0.79,4
USR-4679,14.38,28.5,36,"Comedy, Romance",1,0.39,5
USR-4680,32.91,120.1,17,"Sci-Fi, Thriller",2,0.8,3
USR-4681,51.82,121.0,45,"Action, Thriller",2,0.65,1
USR-4682,17.56,21.6,20,"Comedy, Romance",1,0.32,11
USR-4683,8.31,30.1,16,"Comedy, Romance",1,0.32,6
USR-4684,8.64,22.4,23,"Comedy, Romance",2,0.29,15
USR-4685,29.54,77.6,30,"Animation, Horror, Sci-Fi",3,0.42,0
USR-4686,11.22,33.6,34,Animation,2,0.3,4
USR-4687,51.17,69.6,30,"Action, Thriller",2,0.31,1
USR-4688,59.24,100.5,46,"Action, Thriller",2,0.61,5
USR-4689,1.31,21.7,5,Animation,1,0.35,40
USR-4690,42.94,95.9,26,Drama,2,0.58,5
USR-4691,78.48,74.6,34,"Action, Thriller",2,0.38,2
USR-4692,10.48,26.7,26,Romance,1,0.27,9
USR-4693,3.77,19.1,4,Romance,1,0.42,45
USR-4694,16.1,26.2,22,Comedy,1,0.47,3
USR-4695,43.54,124.0,11,"Sci-Fi, Thriller",2,0.75,1
USR-4696,41.49,133.2,23,"Sci-Fi, Thriller",3,0.78,2
USR-4697,1.64,12.7,3,Romance,1,0.11,22
USR-4698,30.04,86.5,23,"Action, Thriller",3,0.52,0
USR-4699,5.41,16.9,4,Thriller,1,0.34,49
USR-4700,39.66,120.3,27,"Sci-Fi, Thriller",3,0.78,7
USR-4701,42.82,57.0,38,"Horror, Sci-Fi, Documentary, Animation",4,0.34,6
USR-4702,35.91,156.1,18,"Drama, Sci-Fi",3,0.83,0
USR-4703,45.36,65.3,41,"Action, Thriller",3,0.54,4
USR-4704,58.48,42.2,28,"Action, Thriller",2,0.4,0
USR-4705,40.71,79.3,15,"Drama, Sci-Fi",3,0.66,11
USR-4706,3.99,16.0,4,Documentary,1,0.44,30
USR-4707,9.55,19.9,28,"Comedy, Romance",1,0.44,15
USR-4708,37.09,51.1,40,"Documentary, Thriller, Romance, Drama",4,0.27,1
USR-4709,4.76,22.6,29,Comedy,1,0.31,4
USR-4710,44.55,84.8,34,"Action, Thriller",2,0.48,3
USR-4711,14.08,26.7,13,Romance,1,0.35,4
USR-4712,31.33,130.7,24,"Sci-Fi, Thriller",3,0.87,0
USR-4713,39.88,103.1,23,"Drama, Sci-Fi",2,0.78,7
USR-4714,3.94,33.2,20,Comedy,1,0.24,7
USR-4715,14.07,18.4,22,Comedy,2,0.43,3
USR-4716,2.02,16.4,4,Thriller,1,0.05,33
USR-4717,43.15,98.4,62,"Action, Romance, Documentary",3,0.52,0
USR-4718,13.0,13.8,34,"Comedy, Romance",1,0.37,6
USR-4719,54.62,62.1,55,"Comedy, Animation, Thriller, Action",4,0.31,4
USR-4720,10.55,19.4,25,"Comedy, Romance",1,0.28,8
USR-4721,70.3,113.3,31,"Action, Thriller",3,0.38,5
USR-4722,62.36,85.0,41,"Action, Thriller",2,0.36,0
USR-4723,7.32,32.5,20,Comedy,2,0.4,11
USR-4724,22.17,89.0,28,"Action, Thriller",3,0.5,14
USR-4725,47.76,58.0,58,"Thriller, Sci-Fi, Animation",3,0.45,2
USR-4726,3.8,11.7,1,Thriller,1,0.25,22
USR-4727,13.37,25.8,24,Animation,2,0.4,4
USR-4728,58.55,58.7,40,"Sci-Fi, Romance, Action, Animation, Documentary",5,0.63,0
USR-4729,52.02,100.0,34,"Action, Thriller",1,0.36,0
USR-4730,22.74,26.8,35,Comedy,1,0.47,0
USR-4731,46.76,131.4,14,Drama,3,0.84,4
USR-4732,9.83,21.1,30,Animation,1,0.33,1
USR-4733,71.51,110.3,39,"Action, Thriller",2,0.36,1
USR-4734,12.35,32.6,20,Comedy,2,0.53,8
USR-4735,42.45,96.9,37,"Action, Thriller",1,0.31,0
USR-4736,43.46,76.3,46,"Horror, Thriller, Sci-Fi",3,0.61,0
USR-4737,11.93,12.4,8,Animation,1,0.41,4
USR-4738,51.35,121.0,13,"Sci-Fi, Thriller",2,0.66,2
USR-4739,52.13,79.7,26,"Action, Thriller",2,0.62,1
USR-4740,32.23,121.0,22,"Drama, Sci-Fi",3,0.78,0
USR-4741,41.41,158.4,24,"Sci-Fi, Thriller",3,0.75,7
USR-4742,35.67,132.0,31,Drama,2,0.71,4
USR-4743,9.49,19.9,34,Romance,1,0.26,5
USR-4744,31.93,46.7,49,"Drama, Comedy, Documentary, Thriller",4,0.39,10
USR-4745,15.83,32.1,25,Romance,1,0.21,17
USR-4746,34.7,58.4,49,"Documentary, Thriller, Animation, Sci-Fi, Comedy",5,0.69,0
USR-4747,14.15,21.4,27,Animation,1,0.53,4
USR-4748,40.42,108.3,39,"Action, Thriller",2,0.47,1
USR-4749,42.23,121.0,40,"Action, Thriller",2,0.38,1
USR-4750,47.92,77.7,24,"Action, Thriller",1,0.51,1
USR-4751,39.25,106.1,24,Drama,2,0.92,5
USR-4752,12.14,16.8,18,"Comedy, Romance",2,0.47,26
USR-4753,23.84,165.1,14,Drama,2,0.7,5
USR-4754,14.67,20.5,20,Animation,1,0.46,5
USR-4755,60.49,71.3,29,"Comedy, Sci-Fi, Thriller, Drama, Documentary",5,0.52,0
USR-4756,32.2,54.6,40,"Documentary, Comedy, Thriller, Drama",4,0.55,1
USR-4757,50.7,103.3,22,"Action, Thriller",3,0.4,3
USR-4758,4.79,32.7,15,Comedy,2,0.3,0
USR-4759,41.24,95.4,42,"Action, Thriller",3,0.49,0
USR-4760,2.95,20.1,6,Thriller,1,0.0,21
USR-4761,48.75,87.8,25,"Action, Thriller",2,0.5,0
USR-4762,40.53,84.7,46,"Horror, Drama, Animation",3,0.66,0
USR-4763,53.9,103.3,38,"Action, Thriller",2,0.44,1
USR-4764,19.06,36.8,31,Romance,1,0.48,22
USR-4765,4.7,26.9,25,Romance,1,0.43,9
USR-4766,14.63,20.4,28,"Comedy, Romance",1,0.52,1
USR-4767,64.3,93.7,36,"Action, Thriller",2,0.55,2
USR-4768,1.57,13.2,4,Action,1,0.26,46
USR-4769,55.96,58.4,34,"Romance, Drama, Horror",3,0.48,0
USR-4770,15.95,19.8,25,Comedy,2,0.25,5
USR-4771,40.43,132.6,18,"Sci-Fi, Thriller",2,0.78,2
USR-4772,19.19,7.1,34,Romance,2,0.43,0
USR-4773,55.31,50.7,51,"Thriller, Romance, Animation, Documentary, Drama",5,0.53,1
USR-4774,44.69,67.2,31,"Action, Thriller",2,0.28,4
USR-4775,3.29,20.3,6,Thriller,1,0.39,59
USR-4776,25.66,104.4,18,"Drama, Sci-Fi",2,0.86,2
USR-4777,67.47,87.0,38,"Action, Thriller",3,0.54,6
USR-4778,42.97,85.9,47,"Action, Thriller",1,0.43,6
USR-4779,42.32,104.4,15,"Drama, Sci-Fi",2,0.85,2
USR-4780,69.12,97.3,31,"Action, Thriller",3,0.48,1
USR-4781,54.94,67.0,53,"Thriller, Animation, Documentary",3,0.07,4
USR-4782,33.07,100.6,21,Drama,2,0.81,2
USR-4783,35.83,124.0,19,Drama,2,0.88,3
USR-4784,3.34,21.2,5,Sci-Fi,1,0.45,22
USR-4785,50.1,107.4,28,"Action, Thriller",2,0.39,10
USR-4786,3.33,17.6,6,Horror,1,0.18,53
USR-4787,12.95,31.1,23,Animation,1,0.34,4
USR-4788,18.12,16.3,32,"Comedy, Romance",1,0.39,4
USR-4789,16.24,22.7,30,Comedy,1,0.45,0
USR-4790,50.15,139.1,12,"Sci-Fi, Thriller",3,0.87,9
USR-4791,50.06,73.5,24,"Action, Thriller",2,0.39,7
USR-4792,5.36,22.0,2,Romance,1,0.25,42
USR-4793,52.42,72.7,33,"Action, Thriller",2,0.39,1
USR-4794,50.52,94.4,50,"Romance, Comedy, Documentary",3,0.54,1
USR-4795,35.03,124.8,16,"Drama, Sci-Fi",3,0.83,8
USR-4796,8.26,24.3,25,Animation,1,0.46,11
USR-4797,15.93,24.7,31,Comedy,1,0.41,10
USR-4798,59.64,73.6,42,"Action, Thriller",3,0.46,7
USR-4799,15.81,16.8,30,Animation,1,0.5,4
USR-4800,47.88,95.8,32,"Action, Thriller",1,0.43,3
USR-4801,10.22,19.8,53,Romance,2,0.23,18
USR-4802,8.45,13.3,24,Romance,1,0.16,2
USR-4803,37.16,150.5,16,"Drama, Sci-Fi",2,0.8,2
USR-4804,29.56,108.5,11,"Sci-Fi, Thriller",2,0.82,13
USR-4805,38.83,79.8,50,"Horror, Animation, Action, Sci-Fi, Drama",5,0.3,0
USR-4806,50.8,54.9,25,"Action, Comedy, Thriller",3,0.51,1
USR-4807,2.67,22.1,5,Action,1,0.41,45
USR-4808,10.46,18.6,37,Romance,1,0.29,25
USR-4809,48.37,87.1,39,"Action, Thriller",2,0.6,5
USR-4810,41.25,129.3,18,Drama,2,0.79,0
USR-4811,51.99,82.1,37,"Action, Thriller",2,0.3,1
USR-4812,2.47,12.6,5,Thriller,1,0.0,52
USR-4813,13.53,27.9,25,Animation,1,0.29,6
USR-4814,72.29,44.1,30,"Horror, Romance, Thriller",3,0.42,3
USR-4815,55.98,89.0,29,"Action, Thriller",1,0.2,15
USR-4816,2.71,23.2,1,Animation,1,0.09,45
USR-4817,42.85,46.5,35,"Comedy, Horror, Thriller, Animation",4,0.14,0
USR-4818,56.36,82.8,53,"Animation, Action, Sci-Fi, Documentary, Drama",5,0.31,2
USR-4819,35.95,84.7,28,"Action, Thriller",2,0.44,0
USR-4820,35.18,91.8,42,"Romance, Sci-Fi, Action, Documentary",4,0.53,3
USR-4821,24.75,120.2,27,"Drama, Sci-Fi",2,0.68,2
USR-4822,66.88,80.0,37,"Action, Thriller",2,0.45,4
USR-4823,12.65,27.3,28,Romance,2,0.36,1
USR-4824,39.39,79.7,40,"Action, Animation, Comedy, Horror, Drama",5,0.49,0
USR-4825,12.43,19.9,26,"Comedy, Romance",2,0.34,1
USR-4826,4.96,29.9,37,Comedy,1,0.49,1
USR-4827,50.62,52.5,65,"Sci-Fi, Horror, Documentary, Drama, Romance",5,0.49,2
USR-4828,9.92,31.4,32,Comedy,2,0.47,0
USR-4829,0.97,17.5,4,Romance,1,0.1,23
USR-4830,40.31,77.8,49,"Comedy, Drama, Action, Thriller",4,0.39,0
USR-4831,55.73,64.6,36,"Sci-Fi, Drama, Animation, Action, Thriller",5,0.41,2
USR-4832,14.09,29.3,25,Animation,1,0.5,2
USR-4833,29.61,118.8,22,"Drama, Sci-Fi",3,0.79,5
USR-4834,49.77,98.2,39,"Action, Thriller",2,0.34,0
USR-4835,43.64,46.1,66,"Comedy, Romance, Horror",3,0.68,2
USR-4836,13.19,22.2,35,Animation,1,0.28,9
USR-4837,6.2,24.4,22,Romance,2,0.26,2
USR-4838,51.42,69.9,40,"Comedy, Thriller, Documentary, Romance",4,0.47,0
USR-4839,10.65,31.2,23,"Comedy, Romance",1,0.35,2
USR-4840,51.08,44.2,25,"Documentary, Drama, Thriller",3,0.43,1
USR-4841,34.25,140.4,17,"Drama, Sci-Fi",3,0.94,5
USR-4842,13.49,29.6,34,Animation,1,0.32,6
USR-4843,50.84,86.0,27,"Action, Thriller",2,0.45,1
USR-4844,31.17,79.8,37,"Action, Thriller",3,0.49,2
USR-4845,38.7,131.6,9,"Sci-Fi, Thriller",2,0.88,6
USR-4846,1.91,14.9,4,Thriller,1,0.26,20
USR-4847,48.47,118.5,16,"Drama, Sci-Fi",3,0.83,0
USR-4848,15.52,31.2,34,Comedy,1,0.44,24
USR-4849,50.2,89.3,17,"Action, Thriller",2,0.54,12
USR-4850,7.9,10.7,26,Animation,1,0.26,0
USR-4851,50.94,97.8,52,"Horror, Sci-Fi, Thriller, Comedy",4,0.54,0
USR-4852,30.74,98.0,26,"Drama, Sci-Fi",3,0.86,11
USR-4853,52.48,61.9,55,"Romance, Comedy, Action, Animation, Documentary",5,0.35,12
USR-4854,3.18,12.9,6,Romance,1,0.2,28
USR-4855,59.38,75.6,33,"Action, Thriller",2,0.62,0
USR-4856,8.45,33.4,21,"Comedy, Romance",1,0.3,3
USR-4857,63.57,90.0,30,"Action, Thriller",3,0.38,2
USR-4858,12.23,31.9,28,"Comedy, Romance",1,0.51,1
USR-4859,24.76,115.5,23,"Drama, Sci-Fi",2,0.69,1
USR-4860,3.07,17.4,1,Action,1,0.04,54
USR-4861,39.54,161.5,8,"Sci-Fi, Thriller",2,0.65,9
USR-4862,46.75,123.7,22,"Sci-Fi, Thriller",2,0.92,1
USR-4863,44.67,134.8,11,"Drama, Sci-Fi",2,0.79,0
USR-4864,22.71,28.8,32,Romance,1,0.43,6
USR-4865,46.07,71.0,27,"Sci-Fi, Horror, Animation, Drama",4,0.49,3
USR-4866,44.98,69.6,29,"Action, Thriller",2,0.64,2
USR-4867,0.3,24.9,5,Action,1,0.02,27
USR-4868,46.29,113.4,34,"Action, Thriller",3,0.43,2
USR-4869,3.81,18.2,3,Drama,1,0.11,54
USR-4870,6.28,22.9,18,Animation,1,0.3,2
USR-4871,11.02,26.4,21,Romance,1,0.26,4
USR-4872,3.44,24.5,4,Romance,1,0.23,28
USR-4873,13.51,21.2,25,"Comedy, Romance",1,0.48,0
USR-4874,45.42,134.3,22,"Sci-Fi, Thriller",2,0.82,0
USR-4875,55.77,108.9,19,"Action, Thriller",3,0.47,5
USR-4876,16.75,19.9,16,"Comedy, Romance",1,0.17,44
USR-4877,23.99,59.5,32,"Romance, Sci-Fi, Comedy, Documentary, Horror",5,0.57,0
USR-4878,5.9,13.7,3,Documentary,1,0.36,29
USR-4879,57.96,94.0,53,"Action, Comedy, Thriller, Animation",4,0.46,3
USR-4880,0.88,22.1,7,Romance,1,0.41,46
USR-4881,53.6,134.3,30,"Action, Thriller",3,0.38,1
USR-4882,57.43,58.6,39,"Animation, Romance, Action",3,0.68,4
USR-4883,1.29,19.4,1,Drama,1,0.17,26
USR-4884,4.48,10.4,3,Sci-Fi,1,0.25,25
USR-4885,10.07,25.8,25,Comedy,1,0.54,6
USR-4886,36.95,91.9,14,"Sci-Fi, Thriller",2,0.89,2
USR-4887,24.59,99.7,13,Drama,2,0.93,1
USR-4888,6.01,28.8,24,Animation,2,0.39,5
USR-4889,8.51,27.1,27,"Comedy, Romance",2,0.55,0
USR-4890,26.41,103.0,17,Drama,3,0.7,0
USR-4891,52.78,115.0,19,Drama,3,0.76,3
USR-4892,8.92,24.9,15,"Comedy, Romance",2,0.15,12
USR-4893,69.43,52.9,37,"Drama, Thriller, Romance, Comedy, Documentary",5,0.58,1
USR-4894,25.15,83.4,29,"Action, Thriller",2,0.51,1
USR-4895,12.32,22.6,33,Animation,1,0.15,6
USR-4896,51.47,121.5,17,"Drama, Sci-Fi",3,0.84,8
USR-4897,25.41,20.3,21,Comedy,2,0.47,3
USR-4898,4.17,20.3,38,Romance,1,0.4,0
USR-4899,53.79,86.8,27,"Action, Thriller",1,0.39,1
USR-4900,39.39,56.0,43,"Comedy, Sci-Fi, Action, Documentary",4,0.65,0
USR-4901,8.86,28.1,25,Romance,1,0.28,9
USR-4902,1.51,17.2,6,Drama,1,0.41,23
USR-4903,7.79,28.0,31,Comedy,2,0.42,5
USR-4904,70.68,83.6,36,"Action, Thriller",2,0.51,0
USR-4905,11.9,25.0,33,Animation,1,0.23,6
USR-4906,10.04,27.5,20,Romance,1,0.47,2
USR-4907,6.67,30.2,26,Animation,1,0.28,7
USR-4908,44.62,100.9,17,"Sci-Fi, Thriller",3,0.75,9
USR-4909,3.77,26.7,6,Documentary,1,0.15,45
USR-4910,45.17,160.3,22,Drama,2,0.85,1
USR-4911,43.1,128.2,15,"Drama, Sci-Fi",2,0.83,3
USR-4912,10.44,19.7,30,"Comedy, Romance",1,0.51,1
USR-4913,20.87,29.1,21,Comedy,1,0.34,7
USR-4914,1.07,11.2,5,Drama,1,0.5,30
USR-4915,18.63,94.2,41,"Action, Thriller",2,0.6,2
USR-4916,13.03,32.8,25,Romance,1,0.54,6
USR-4917,64.68,93.6,33,"Action, Thriller",2,0.39,3
USR-4918,59.63,83.3,35,"Action, Thriller",1,0.35,0
USR-4919,58.8,76.3,25,"Action, Thriller",3,0.5,1
USR-4920,1.76,22.2,5,Drama,1,0.1,53
USR-4921,43.87,89.7,21,"Drama, Sci-Fi",2,0.75,2
USR-4922,4.09,25.8,24,Comedy,1,0.34,7
USR-4923,39.62,111.8,25,"Sci-Fi, Thriller",3,0.68,4
USR-4924,9.27,17.0,32,Romance,1,0.24,3
USR-4925,54.84,66.1,40,"Thriller, Horror, Romance, Documentary, Action",5,0.49,0
USR-4926,15.09,19.0,32,Romance,1,0.34,4
USR-4927,66.4,81.8,32,"Action, Thriller",3,0.33,0
USR-4928,31.82,72.0,34,"Action, Thriller",3,0.49,6
USR-4929,43.06,104.4,27,"Action, Thriller",2,0.32,0
USR-4930,4.4,16.0,26,"Comedy, Romance",1,0.41,5
USR-4931,9.52,23.5,28,Romance,2,0.38,9
USR-4932,37.75,123.3,23,"Sci-Fi, Thriller",3,0.71,16
USR-4933,31.75,143.0,24,Drama,3,0.72,8
USR-4934,15.1,20.5,29,Animation,1,0.49,1
USR-4935,8.94,17.5,28,Romance,1,0.28,1
USR-4936,48.38,111.2,24,Drama,2,0.84,2
USR-4937,60.13,78.4,29,"Action, Thriller",2,0.49,2
USR-4938,3.28,27.8,3,Romance,1,0.56,48
USR-4939,45.86,93.2,40,"Action, Thriller",3,0.54,0
USR-4940,52.13,89.9,21,"Action, Thriller",1,0.56,0
USR-4941,10.61,23.7,25,Romance,1,0.49,8
USR-4942,4.65,21.8,2,Horror,1,0.22,24
USR-4943,71.87,79.7,35,"Action, Thriller",3,0.56,0
USR-4944,12.94,18.7,34,Animation,1,0.41,4
USR-4945,6.52,36.6,21,Animation,1,0.27,0
USR-4946,31.37,125.6,18,"Drama, Sci-Fi",2,0.84,2
USR-4947,2.61,19.8,4,Sci-Fi,1,0.35,34
USR-4948,0.1,17.2,5,Romance,1,0.23,33
USR-4949,9.29,20.4,27,Romance,1,0.25,7
USR-4950,49.22,81.1,34,"Action, Thriller",3,0.34,0
USR-4951,5.01,19.3,37,"Comedy, Romance",1,0.55,1
USR-4952,15.31,32.5,31,Comedy,1,0.38,6
USR-4953,58.02,113.9,36,"Action, Thriller",1,0.49,1
USR-4954,55.15,115.3,37,"Action, Thriller",3,0.44,9
USR-4955,38.05,95.3,36,"Action, Thriller",2,0.46,1
USR-4956,51.13,124.9,29,"Action, Thriller",1,0.48,1
USR-4957,5.96,33.2,34,"Comedy, Romance",1,0.42,3
USR-4958,14.6,21.3,35,Animation,1,0.36,4
USR-4959,27.11,113.4,23,"Sci-Fi, Thriller",2,0.89,7
USR-4960,36.21,136.4,20,"Sci-Fi, Thriller",2,0.89,9
USR-4961,12.18,28.2,30,Animation,1,0.32,5
USR-4962,14.93,29.9,31,Comedy,1,0.23,3
USR-4963,14.94,21.6,29,Romance,1,0.3,3
USR-4964,9.85,25.1,28,Romance,1,0.3,18
USR-4965,58.59,83.3,24,"Drama, Sci-Fi",3,0.79,9
USR-4966,65.95,124.4,36,"Action, Thriller",2,0.42,3
USR-4967,11.78,31.8,21,Comedy,1,0.51,2
USR-4968,44.89,105.3,27,"Action, Thriller",3,0.59,0
USR-4969,61.99,93.8,36,"Action, Thriller",3,0.44,1
USR-4970,1.88,18.6,5,Thriller,1,0.53,28
USR-4971,53.76,129.0,34,"Action, Thriller",2,0.59,4
USR-4972,12.18,28.6,27,Comedy,1,0.45,6
USR-4973,1.62,10.7,6,Comedy,1,0.5,30
USR-4974,42.27,75.4,43,"Sci-Fi, Romance, Drama, Horror, Documentary",5,0.48,3
USR-4975,2.16,17.4,4,Thriller,1,0.21,46
USR-4976,72.25,75.8,49,"Sci-Fi, Documentary, Action, Drama",4,0.57,0
USR-4977,12.53,24.9,21,Comedy,1,0.21,3
USR-4978,1.39,16.4,4,Sci-Fi,1,0.3,50
USR-4979,43.46,33.0,33,"Comedy, Action, Romance, Drama, Animation",5,0.37,0
USR-4980,51.68,134.3,19,"Drama, Sci-Fi",3,0.98,0
USR-4981,13.37,18.1,32,Romance,2,0.28,22
USR-4982,49.29,130.0,30,"Action, Thriller",3,0.46,9
USR-4983,48.19,106.2,22,"Sci-Fi, Thriller",2,0.93,0
USR-4984,47.14,74.2,37,"Action, Thriller",2,0.42,1
USR-4985,58.49,94.3,26,"Action, Thriller",1,0.42,2
USR-4986,43.87,73.4,38,"Comedy, Documentary, Drama, Animation, Thriller",5,0.46,0
USR-4987,42.59,114.2,26,Drama,3,0.81,5
USR-4988,30.33,51.6,44,"Sci-Fi, Comedy, Romance",3,0.49,0
USR-4989,28.35,31.1,35,"Romance, Horror, Drama",3,0.44,2
USR-4990,54.53,79.8,35,"Action, Comedy, Sci-Fi",3,0.45,0
USR-4991,12.01,130.8,24,"Sci-Fi, Thriller",3,0.67,0
USR-4992,4.78,10.7,3,Animation,1,0.31,51
USR-4993,14.35,19.2,32,"Comedy, Romance",2,0.52,14
USR-4994,13.37,30.4,36,Romance,1,0.34,0
USR-4995,2.26,15.4,7,Romance,1,0.38,31
USR-4996,13.6,33.5,34,Romance,2,0.35,1
USR-4997,4.44,25.6,6,Comedy,1,0.24,42
USR-4998,29.09,126.9,18,"Drama, Sci-Fi",2,0.78,1
USR-4999,46.9,86.0,30,"Sci-Fi, Thriller, Romance, Comedy",4,0.43,11
USR-5000,56.16,100.3,24,"Action, Thriller",2,0.36,2
USR-0401,12.46,19.9,30,Romance,2,0.4,0
USR-0402,21.92,38.6,36,Comedy,2,0.4,11
USR-0403,33.63,129.2,9,"Drama, Sci-Fi",2,0.75,1
USR-0404,3.21,20.9,6,Documentary,1,0.4,39
USR-0405,9.9,33.3,25,Comedy,2,0.39,0
